scope,province_slug,province_th,province_en,region_code,tier,keyword,intent,funnel_stage,target_url,evidence_required,priority_hint,volume_status
national,,,,,N0-national,โซลาร์เซลล์,informational,awareness,/,none,high,unmeasured
national,,,,,N0-national,ติดตั้งโซลาร์เซลล์,commercial,consideration,/solar-carport,none,high,unmeasured
national,,,,,N0-national,โซลาร์คาร์พอร์ต,commercial,consideration,/solar-carport,none,high,unmeasured
national,,,,,N0-national,solar carport ประเทศไทย,commercial,consideration,/solar-carport,none,high,unmeasured
national,,,,,N0-national,solar rooftop,commercial,consideration,/solutions,none,high,unmeasured
national,,,,,N0-national,โซลาร์เซลล์โรงงาน,commercial,consideration,/industries,none,high,unmeasured
national,,,,,N0-national,โซลาร์เซลล์โรงแรม,commercial,consideration,/industries,none,high,unmeasured
national,,,,,N0-national,โซลาร์เซลล์โรงแรม ราคา,transactional,decision,/pricing,site_survey_quote,high,unmeasured
national,,,,,N0-national,BESS แบตเตอรี่สำรองไฟ,commercial,consideration,/solutions,site_survey_quote,high,unmeasured
national,,,,,N0-national,EV charger ติดตั้ง,commercial,consideration,/solutions,site_survey_quote,high,unmeasured
national,,,,,N0-national,ลดค่าไฟโรงงาน,informational,awareness,/industries,site_survey_quote,high,unmeasured
national,,,,,N0-national,AI energy management,informational,awareness,/strategy,site_survey_quote,high,unmeasured
national,,,,,N0-national,โซลาร์เซลล์คุ้มไหม,informational,awareness,/blog,none,high,unmeasured
national,,,,,N0-national,โซลาร์เซลล์คืนทุนกี่ปี,informational,awareness,/investment,site_survey_quote,high,unmeasured
national,,,,,N0-national,โซลาร์เซลล์ราคาเท่าไหร่,transactional,decision,/pricing,site_survey_quote,high,unmeasured
national,,,,,N0-national,สิทธิประโยชน์ภาษีโซลาร์เซลล์,informational,consideration,/investment,tax_advisor,high,unmeasured
national,,,,,N0-national,โซลาร์เซลล์บ้านใหญ่,commercial,consideration,/home-solution,site_survey_quote,high,unmeasured
national,,,,,N0-national,Solar Carport ต่างจาก Solar Rooftop,informational,awareness,/blog,none,high,unmeasured
province,bangkok,กรุงเทพมหานคร,Bangkok,central,P1-core,ติดตั้งโซลาร์เซลล์กรุงเทพมหานคร,commercial,consideration,/solar-carport/bangkok,site_survey_quote,high,unmeasured
province,bangkok,กรุงเทพมหานคร,Bangkok,central,P1-core,โซลาร์เซลล์กรุงเทพมหานคร,commercial,consideration,/solar-carport/bangkok,none,high,unmeasured
province,bangkok,กรุงเทพมหานคร,Bangkok,central,P1-core,โซลาร์คาร์พอร์ตกรุงเทพมหานคร,commercial,consideration,/solar-carport/bangkok,none,high,unmeasured
province,bangkok,กรุงเทพมหานคร,Bangkok,central,P1-core,solar cell Bangkok,commercial,consideration,/solar-carport/bangkok,none,medium,unmeasured
province,bangkok,กรุงเทพมหานคร,Bangkok,central,P1-core,บริษัทรับติดตั้งโซลาร์เซลล์กรุงเทพมหานคร,commercial,consideration,/solar-carport/bangkok,legal_entity,medium,unmeasured
province,bangkok,กรุงเทพมหานคร,Bangkok,central,P2-commercial,ราคาติดตั้งโซลาร์เซลล์กรุงเทพมหานคร,transactional,decision,/solar-carport/bangkok,site_survey_quote,high,unmeasured
province,bangkok,กรุงเทพมหานคร,Bangkok,central,P2-commercial,ราคาโซลาร์เซลล์กรุงเทพมหานคร,transactional,decision,/solar-carport/bangkok,site_survey_quote,high,unmeasured
province,bangkok,กรุงเทพมหานคร,Bangkok,central,P2-commercial,โซลาร์เซลล์โรงงานกรุงเทพมหานคร,commercial,consideration,/solar-carport/bangkok/factory,site_survey_quote,high,unmeasured
province,bangkok,กรุงเทพมหานคร,Bangkok,central,P2-commercial,โซลาร์เซลล์โรงแรมกรุงเทพมหานคร,commercial,consideration,/solar-carport/bangkok/hotel,site_survey_quote,high,unmeasured
province,bangkok,กรุงเทพมหานคร,Bangkok,central,P2-commercial,โซลาร์เซลล์อาคารพาณิชย์กรุงเทพมหานคร,commercial,consideration,/solar-carport/bangkok/commercial,site_survey_quote,medium,unmeasured
province,bangkok,กรุงเทพมหานคร,Bangkok,central,P2-commercial,ช่างโซลาร์กรุงเทพมหานคร,commercial,consideration,/contact,certified_claims_review,low,unmeasured
province,bangkok,กรุงเทพมหานคร,Bangkok,central,P3-cluster,สถานีชาร์จรถยนต์ไฟฟ้ากรุงเทพมหานคร,commercial,consideration,/solar-carport/bangkok/ev,site_survey_quote,medium,unmeasured
province,bangkok,กรุงเทพมหานคร,Bangkok,central,P3-cluster,EV charger Bangkok,commercial,consideration,/solar-carport/bangkok/ev,site_survey_quote,medium,unmeasured
province,bangkok,กรุงเทพมหานคร,Bangkok,central,P3-cluster,BESS กรุงเทพมหานคร,commercial,consideration,/solar-carport/bangkok/bess,site_survey_quote,medium,unmeasured
province,bangkok,กรุงเทพมหานคร,Bangkok,central,P4-aeo,ติดตั้งโซลาร์เซลล์กรุงเทพมหานคร คุ้มไหม,informational,awareness,/solar-carport/bangkok,site_survey_quote,high,unmeasured
province,bangkok,กรุงเทพมหานคร,Bangkok,central,P4-aeo,โซลาร์เซลล์กรุงเทพมหานคร ราคาเท่าไหร่,informational,awareness,/solar-carport/bangkok,site_survey_quote,high,unmeasured
province,bangkok,กรุงเทพมหานคร,Bangkok,central,P4-aeo,โซลาร์เซลล์กรุงเทพมหานคร คืนทุนกี่ปี,informational,awareness,/solar-carport/bangkok,site_survey_quote,high,unmeasured
province,bangkok,กรุงเทพมหานคร,Bangkok,central,P4-aeo,ขั้นตอนติดตั้งโซลาร์เซลล์กรุงเทพมหานคร,informational,consideration,/solar-carport/bangkok,permit_process_source,medium,unmeasured
province,bangkok,กรุงเทพมหานคร,Bangkok,central,P4-aeo,ต้องขออนุญาตอะไรบ้าง กรุงเทพมหานคร,informational,consideration,/solar-carport/bangkok,permit_process_source,medium,unmeasured
province,bangkok,กรุงเทพมหานคร,Bangkok,central,P4-aeo,Solar Carport ในกรุงเทพมหานคร ต่างจาก Solar Rooftop อย่างไร,informational,awareness,/solar-carport/bangkok,none,medium,unmeasured
province,bangkok,กรุงเทพมหานคร,Bangkok,central,P4-aeo,บริษัทโซลาร์เซลล์กรุงเทพมหานคร ที่ไหนดี,informational,consideration,/projects,review_source,low,unmeasured
province,bangkok,กรุงเทพมหานคร,Bangkok,central,P4-aeo,ระบบไฟฟ้า กรุงเทพมหานคร เป็น PEA หรือ MEA,informational,consideration,/solar-carport/bangkok,utility_official_source,medium,unmeasured
province,amnat-charoen,อำนาจเจริญ,Amnat Charoen,northeast,P1-core,ติดตั้งโซลาร์เซลล์อำนาจเจริญ,commercial,consideration,/solar-carport/amnat-charoen,site_survey_quote,high,unmeasured
province,amnat-charoen,อำนาจเจริญ,Amnat Charoen,northeast,P1-core,โซลาร์เซลล์อำนาจเจริญ,commercial,consideration,/solar-carport/amnat-charoen,none,high,unmeasured
province,amnat-charoen,อำนาจเจริญ,Amnat Charoen,northeast,P1-core,โซลาร์คาร์พอร์ตอำนาจเจริญ,commercial,consideration,/solar-carport/amnat-charoen,none,high,unmeasured
province,amnat-charoen,อำนาจเจริญ,Amnat Charoen,northeast,P1-core,solar cell Amnat Charoen,commercial,consideration,/solar-carport/amnat-charoen,none,medium,unmeasured
province,amnat-charoen,อำนาจเจริญ,Amnat Charoen,northeast,P1-core,บริษัทรับติดตั้งโซลาร์เซลล์อำนาจเจริญ,commercial,consideration,/solar-carport/amnat-charoen,legal_entity,medium,unmeasured
province,amnat-charoen,อำนาจเจริญ,Amnat Charoen,northeast,P2-commercial,ราคาติดตั้งโซลาร์เซลล์อำนาจเจริญ,transactional,decision,/solar-carport/amnat-charoen,site_survey_quote,high,unmeasured
province,amnat-charoen,อำนาจเจริญ,Amnat Charoen,northeast,P2-commercial,ราคาโซลาร์เซลล์อำนาจเจริญ,transactional,decision,/solar-carport/amnat-charoen,site_survey_quote,high,unmeasured
province,amnat-charoen,อำนาจเจริญ,Amnat Charoen,northeast,P2-commercial,โซลาร์เซลล์โรงงานอำนาจเจริญ,commercial,consideration,/solar-carport/amnat-charoen/factory,site_survey_quote,high,unmeasured
province,amnat-charoen,อำนาจเจริญ,Amnat Charoen,northeast,P2-commercial,โซลาร์เซลล์โรงแรมอำนาจเจริญ,commercial,consideration,/solar-carport/amnat-charoen/hotel,site_survey_quote,high,unmeasured
province,amnat-charoen,อำนาจเจริญ,Amnat Charoen,northeast,P2-commercial,โซลาร์เซลล์อาคารพาณิชย์อำนาจเจริญ,commercial,consideration,/solar-carport/amnat-charoen/commercial,site_survey_quote,medium,unmeasured
province,amnat-charoen,อำนาจเจริญ,Amnat Charoen,northeast,P2-commercial,ช่างโซลาร์อำนาจเจริญ,commercial,consideration,/contact,certified_claims_review,low,unmeasured
province,amnat-charoen,อำนาจเจริญ,Amnat Charoen,northeast,P3-cluster,สถานีชาร์จรถยนต์ไฟฟ้าอำนาจเจริญ,commercial,consideration,/solar-carport/amnat-charoen/ev,site_survey_quote,medium,unmeasured
province,amnat-charoen,อำนาจเจริญ,Amnat Charoen,northeast,P3-cluster,EV charger Amnat Charoen,commercial,consideration,/solar-carport/amnat-charoen/ev,site_survey_quote,medium,unmeasured
province,amnat-charoen,อำนาจเจริญ,Amnat Charoen,northeast,P3-cluster,BESS อำนาจเจริญ,commercial,consideration,/solar-carport/amnat-charoen/bess,site_survey_quote,medium,unmeasured
province,amnat-charoen,อำนาจเจริญ,Amnat Charoen,northeast,P4-aeo,ติดตั้งโซลาร์เซลล์อำนาจเจริญ คุ้มไหม,informational,awareness,/solar-carport/amnat-charoen,site_survey_quote,high,unmeasured
province,amnat-charoen,อำนาจเจริญ,Amnat Charoen,northeast,P4-aeo,โซลาร์เซลล์อำนาจเจริญ ราคาเท่าไหร่,informational,awareness,/solar-carport/amnat-charoen,site_survey_quote,high,unmeasured
province,amnat-charoen,อำนาจเจริญ,Amnat Charoen,northeast,P4-aeo,โซลาร์เซลล์อำนาจเจริญ คืนทุนกี่ปี,informational,awareness,/solar-carport/amnat-charoen,site_survey_quote,high,unmeasured
province,amnat-charoen,อำนาจเจริญ,Amnat Charoen,northeast,P4-aeo,ขั้นตอนติดตั้งโซลาร์เซลล์อำนาจเจริญ,informational,consideration,/solar-carport/amnat-charoen,permit_process_source,medium,unmeasured
province,amnat-charoen,อำนาจเจริญ,Amnat Charoen,northeast,P4-aeo,ต้องขออนุญาตอะไรบ้าง อำนาจเจริญ,informational,consideration,/solar-carport/amnat-charoen,permit_process_source,medium,unmeasured
province,amnat-charoen,อำนาจเจริญ,Amnat Charoen,northeast,P4-aeo,Solar Carport ในอำนาจเจริญ ต่างจาก Solar Rooftop อย่างไร,informational,awareness,/solar-carport/amnat-charoen,none,medium,unmeasured
province,amnat-charoen,อำนาจเจริญ,Amnat Charoen,northeast,P4-aeo,บริษัทโซลาร์เซลล์อำนาจเจริญ ที่ไหนดี,informational,consideration,/projects,review_source,low,unmeasured
province,amnat-charoen,อำนาจเจริญ,Amnat Charoen,northeast,P4-aeo,ระบบไฟฟ้า อำนาจเจริญ เป็น PEA หรือ MEA,informational,consideration,/solar-carport/amnat-charoen,utility_official_source,medium,unmeasured
province,ang-thong,อ่างทอง,Ang Thong,central,P1-core,ติดตั้งโซลาร์เซลล์อ่างทอง,commercial,consideration,/solar-carport/ang-thong,site_survey_quote,high,unmeasured
province,ang-thong,อ่างทอง,Ang Thong,central,P1-core,โซลาร์เซลล์อ่างทอง,commercial,consideration,/solar-carport/ang-thong,none,high,unmeasured
province,ang-thong,อ่างทอง,Ang Thong,central,P1-core,โซลาร์คาร์พอร์ตอ่างทอง,commercial,consideration,/solar-carport/ang-thong,none,high,unmeasured
province,ang-thong,อ่างทอง,Ang Thong,central,P1-core,solar cell Ang Thong,commercial,consideration,/solar-carport/ang-thong,none,medium,unmeasured
province,ang-thong,อ่างทอง,Ang Thong,central,P1-core,บริษัทรับติดตั้งโซลาร์เซลล์อ่างทอง,commercial,consideration,/solar-carport/ang-thong,legal_entity,medium,unmeasured
province,ang-thong,อ่างทอง,Ang Thong,central,P2-commercial,ราคาติดตั้งโซลาร์เซลล์อ่างทอง,transactional,decision,/solar-carport/ang-thong,site_survey_quote,high,unmeasured
province,ang-thong,อ่างทอง,Ang Thong,central,P2-commercial,ราคาโซลาร์เซลล์อ่างทอง,transactional,decision,/solar-carport/ang-thong,site_survey_quote,high,unmeasured
province,ang-thong,อ่างทอง,Ang Thong,central,P2-commercial,โซลาร์เซลล์โรงงานอ่างทอง,commercial,consideration,/solar-carport/ang-thong/factory,site_survey_quote,high,unmeasured
province,ang-thong,อ่างทอง,Ang Thong,central,P2-commercial,โซลาร์เซลล์โรงแรมอ่างทอง,commercial,consideration,/solar-carport/ang-thong/hotel,site_survey_quote,high,unmeasured
province,ang-thong,อ่างทอง,Ang Thong,central,P2-commercial,โซลาร์เซลล์อาคารพาณิชย์อ่างทอง,commercial,consideration,/solar-carport/ang-thong/commercial,site_survey_quote,medium,unmeasured
province,ang-thong,อ่างทอง,Ang Thong,central,P2-commercial,ช่างโซลาร์อ่างทอง,commercial,consideration,/contact,certified_claims_review,low,unmeasured
province,ang-thong,อ่างทอง,Ang Thong,central,P3-cluster,สถานีชาร์จรถยนต์ไฟฟ้าอ่างทอง,commercial,consideration,/solar-carport/ang-thong/ev,site_survey_quote,medium,unmeasured
province,ang-thong,อ่างทอง,Ang Thong,central,P3-cluster,EV charger Ang Thong,commercial,consideration,/solar-carport/ang-thong/ev,site_survey_quote,medium,unmeasured
province,ang-thong,อ่างทอง,Ang Thong,central,P3-cluster,BESS อ่างทอง,commercial,consideration,/solar-carport/ang-thong/bess,site_survey_quote,medium,unmeasured
province,ang-thong,อ่างทอง,Ang Thong,central,P4-aeo,ติดตั้งโซลาร์เซลล์อ่างทอง คุ้มไหม,informational,awareness,/solar-carport/ang-thong,site_survey_quote,high,unmeasured
province,ang-thong,อ่างทอง,Ang Thong,central,P4-aeo,โซลาร์เซลล์อ่างทอง ราคาเท่าไหร่,informational,awareness,/solar-carport/ang-thong,site_survey_quote,high,unmeasured
province,ang-thong,อ่างทอง,Ang Thong,central,P4-aeo,โซลาร์เซลล์อ่างทอง คืนทุนกี่ปี,informational,awareness,/solar-carport/ang-thong,site_survey_quote,high,unmeasured
province,ang-thong,อ่างทอง,Ang Thong,central,P4-aeo,ขั้นตอนติดตั้งโซลาร์เซลล์อ่างทอง,informational,consideration,/solar-carport/ang-thong,permit_process_source,medium,unmeasured
province,ang-thong,อ่างทอง,Ang Thong,central,P4-aeo,ต้องขออนุญาตอะไรบ้าง อ่างทอง,informational,consideration,/solar-carport/ang-thong,permit_process_source,medium,unmeasured
province,ang-thong,อ่างทอง,Ang Thong,central,P4-aeo,Solar Carport ในอ่างทอง ต่างจาก Solar Rooftop อย่างไร,informational,awareness,/solar-carport/ang-thong,none,medium,unmeasured
province,ang-thong,อ่างทอง,Ang Thong,central,P4-aeo,บริษัทโซลาร์เซลล์อ่างทอง ที่ไหนดี,informational,consideration,/projects,review_source,low,unmeasured
province,ang-thong,อ่างทอง,Ang Thong,central,P4-aeo,ระบบไฟฟ้า อ่างทอง เป็น PEA หรือ MEA,informational,consideration,/solar-carport/ang-thong,utility_official_source,medium,unmeasured
province,bueng-kan,บึงกาฬ,Bueng Kan,northeast,P1-core,ติดตั้งโซลาร์เซลล์บึงกาฬ,commercial,consideration,/solar-carport/bueng-kan,site_survey_quote,high,unmeasured
province,bueng-kan,บึงกาฬ,Bueng Kan,northeast,P1-core,โซลาร์เซลล์บึงกาฬ,commercial,consideration,/solar-carport/bueng-kan,none,high,unmeasured
province,bueng-kan,บึงกาฬ,Bueng Kan,northeast,P1-core,โซลาร์คาร์พอร์ตบึงกาฬ,commercial,consideration,/solar-carport/bueng-kan,none,high,unmeasured
province,bueng-kan,บึงกาฬ,Bueng Kan,northeast,P1-core,solar cell Bueng Kan,commercial,consideration,/solar-carport/bueng-kan,none,medium,unmeasured
province,bueng-kan,บึงกาฬ,Bueng Kan,northeast,P1-core,บริษัทรับติดตั้งโซลาร์เซลล์บึงกาฬ,commercial,consideration,/solar-carport/bueng-kan,legal_entity,medium,unmeasured
province,bueng-kan,บึงกาฬ,Bueng Kan,northeast,P2-commercial,ราคาติดตั้งโซลาร์เซลล์บึงกาฬ,transactional,decision,/solar-carport/bueng-kan,site_survey_quote,high,unmeasured
province,bueng-kan,บึงกาฬ,Bueng Kan,northeast,P2-commercial,ราคาโซลาร์เซลล์บึงกาฬ,transactional,decision,/solar-carport/bueng-kan,site_survey_quote,high,unmeasured
province,bueng-kan,บึงกาฬ,Bueng Kan,northeast,P2-commercial,โซลาร์เซลล์โรงงานบึงกาฬ,commercial,consideration,/solar-carport/bueng-kan/factory,site_survey_quote,high,unmeasured
province,bueng-kan,บึงกาฬ,Bueng Kan,northeast,P2-commercial,โซลาร์เซลล์โรงแรมบึงกาฬ,commercial,consideration,/solar-carport/bueng-kan/hotel,site_survey_quote,high,unmeasured
province,bueng-kan,บึงกาฬ,Bueng Kan,northeast,P2-commercial,โซลาร์เซลล์อาคารพาณิชย์บึงกาฬ,commercial,consideration,/solar-carport/bueng-kan/commercial,site_survey_quote,medium,unmeasured
province,bueng-kan,บึงกาฬ,Bueng Kan,northeast,P2-commercial,ช่างโซลาร์บึงกาฬ,commercial,consideration,/contact,certified_claims_review,low,unmeasured
province,bueng-kan,บึงกาฬ,Bueng Kan,northeast,P3-cluster,สถานีชาร์จรถยนต์ไฟฟ้าบึงกาฬ,commercial,consideration,/solar-carport/bueng-kan/ev,site_survey_quote,medium,unmeasured
province,bueng-kan,บึงกาฬ,Bueng Kan,northeast,P3-cluster,EV charger Bueng Kan,commercial,consideration,/solar-carport/bueng-kan/ev,site_survey_quote,medium,unmeasured
province,bueng-kan,บึงกาฬ,Bueng Kan,northeast,P3-cluster,BESS บึงกาฬ,commercial,consideration,/solar-carport/bueng-kan/bess,site_survey_quote,medium,unmeasured
province,bueng-kan,บึงกาฬ,Bueng Kan,northeast,P4-aeo,ติดตั้งโซลาร์เซลล์บึงกาฬ คุ้มไหม,informational,awareness,/solar-carport/bueng-kan,site_survey_quote,high,unmeasured
province,bueng-kan,บึงกาฬ,Bueng Kan,northeast,P4-aeo,โซลาร์เซลล์บึงกาฬ ราคาเท่าไหร่,informational,awareness,/solar-carport/bueng-kan,site_survey_quote,high,unmeasured
province,bueng-kan,บึงกาฬ,Bueng Kan,northeast,P4-aeo,โซลาร์เซลล์บึงกาฬ คืนทุนกี่ปี,informational,awareness,/solar-carport/bueng-kan,site_survey_quote,high,unmeasured
province,bueng-kan,บึงกาฬ,Bueng Kan,northeast,P4-aeo,ขั้นตอนติดตั้งโซลาร์เซลล์บึงกาฬ,informational,consideration,/solar-carport/bueng-kan,permit_process_source,medium,unmeasured
province,bueng-kan,บึงกาฬ,Bueng Kan,northeast,P4-aeo,ต้องขออนุญาตอะไรบ้าง บึงกาฬ,informational,consideration,/solar-carport/bueng-kan,permit_process_source,medium,unmeasured
province,bueng-kan,บึงกาฬ,Bueng Kan,northeast,P4-aeo,Solar Carport ในบึงกาฬ ต่างจาก Solar Rooftop อย่างไร,informational,awareness,/solar-carport/bueng-kan,none,medium,unmeasured
province,bueng-kan,บึงกาฬ,Bueng Kan,northeast,P4-aeo,บริษัทโซลาร์เซลล์บึงกาฬ ที่ไหนดี,informational,consideration,/projects,review_source,low,unmeasured
province,bueng-kan,บึงกาฬ,Bueng Kan,northeast,P4-aeo,ระบบไฟฟ้า บึงกาฬ เป็น PEA หรือ MEA,informational,consideration,/solar-carport/bueng-kan,utility_official_source,medium,unmeasured
province,buriram,บุรีรัมย์,Buriram,northeast,P1-core,ติดตั้งโซลาร์เซลล์บุรีรัมย์,commercial,consideration,/solar-carport/buriram,site_survey_quote,high,unmeasured
province,buriram,บุรีรัมย์,Buriram,northeast,P1-core,โซลาร์เซลล์บุรีรัมย์,commercial,consideration,/solar-carport/buriram,none,high,unmeasured
province,buriram,บุรีรัมย์,Buriram,northeast,P1-core,โซลาร์คาร์พอร์ตบุรีรัมย์,commercial,consideration,/solar-carport/buriram,none,high,unmeasured
province,buriram,บุรีรัมย์,Buriram,northeast,P1-core,solar cell Buriram,commercial,consideration,/solar-carport/buriram,none,medium,unmeasured
province,buriram,บุรีรัมย์,Buriram,northeast,P1-core,บริษัทรับติดตั้งโซลาร์เซลล์บุรีรัมย์,commercial,consideration,/solar-carport/buriram,legal_entity,medium,unmeasured
province,buriram,บุรีรัมย์,Buriram,northeast,P2-commercial,ราคาติดตั้งโซลาร์เซลล์บุรีรัมย์,transactional,decision,/solar-carport/buriram,site_survey_quote,high,unmeasured
province,buriram,บุรีรัมย์,Buriram,northeast,P2-commercial,ราคาโซลาร์เซลล์บุรีรัมย์,transactional,decision,/solar-carport/buriram,site_survey_quote,high,unmeasured
province,buriram,บุรีรัมย์,Buriram,northeast,P2-commercial,โซลาร์เซลล์โรงงานบุรีรัมย์,commercial,consideration,/solar-carport/buriram/factory,site_survey_quote,high,unmeasured
province,buriram,บุรีรัมย์,Buriram,northeast,P2-commercial,โซลาร์เซลล์โรงแรมบุรีรัมย์,commercial,consideration,/solar-carport/buriram/hotel,site_survey_quote,high,unmeasured
province,buriram,บุรีรัมย์,Buriram,northeast,P2-commercial,โซลาร์เซลล์อาคารพาณิชย์บุรีรัมย์,commercial,consideration,/solar-carport/buriram/commercial,site_survey_quote,medium,unmeasured
province,buriram,บุรีรัมย์,Buriram,northeast,P2-commercial,ช่างโซลาร์บุรีรัมย์,commercial,consideration,/contact,certified_claims_review,low,unmeasured
province,buriram,บุรีรัมย์,Buriram,northeast,P3-cluster,สถานีชาร์จรถยนต์ไฟฟ้าบุรีรัมย์,commercial,consideration,/solar-carport/buriram/ev,site_survey_quote,medium,unmeasured
province,buriram,บุรีรัมย์,Buriram,northeast,P3-cluster,EV charger Buriram,commercial,consideration,/solar-carport/buriram/ev,site_survey_quote,medium,unmeasured
province,buriram,บุรีรัมย์,Buriram,northeast,P3-cluster,BESS บุรีรัมย์,commercial,consideration,/solar-carport/buriram/bess,site_survey_quote,medium,unmeasured
province,buriram,บุรีรัมย์,Buriram,northeast,P4-aeo,ติดตั้งโซลาร์เซลล์บุรีรัมย์ คุ้มไหม,informational,awareness,/solar-carport/buriram,site_survey_quote,high,unmeasured
province,buriram,บุรีรัมย์,Buriram,northeast,P4-aeo,โซลาร์เซลล์บุรีรัมย์ ราคาเท่าไหร่,informational,awareness,/solar-carport/buriram,site_survey_quote,high,unmeasured
province,buriram,บุรีรัมย์,Buriram,northeast,P4-aeo,โซลาร์เซลล์บุรีรัมย์ คืนทุนกี่ปี,informational,awareness,/solar-carport/buriram,site_survey_quote,high,unmeasured
province,buriram,บุรีรัมย์,Buriram,northeast,P4-aeo,ขั้นตอนติดตั้งโซลาร์เซลล์บุรีรัมย์,informational,consideration,/solar-carport/buriram,permit_process_source,medium,unmeasured
province,buriram,บุรีรัมย์,Buriram,northeast,P4-aeo,ต้องขออนุญาตอะไรบ้าง บุรีรัมย์,informational,consideration,/solar-carport/buriram,permit_process_source,medium,unmeasured
province,buriram,บุรีรัมย์,Buriram,northeast,P4-aeo,Solar Carport ในบุรีรัมย์ ต่างจาก Solar Rooftop อย่างไร,informational,awareness,/solar-carport/buriram,none,medium,unmeasured
province,buriram,บุรีรัมย์,Buriram,northeast,P4-aeo,บริษัทโซลาร์เซลล์บุรีรัมย์ ที่ไหนดี,informational,consideration,/projects,review_source,low,unmeasured
province,buriram,บุรีรัมย์,Buriram,northeast,P4-aeo,ระบบไฟฟ้า บุรีรัมย์ เป็น PEA หรือ MEA,informational,consideration,/solar-carport/buriram,utility_official_source,medium,unmeasured
province,chachoengsao,ฉะเชิงเทรา,Chachoengsao,east,P1-core,ติดตั้งโซลาร์เซลล์ฉะเชิงเทรา,commercial,consideration,/solar-carport/chachoengsao,site_survey_quote,high,unmeasured
province,chachoengsao,ฉะเชิงเทรา,Chachoengsao,east,P1-core,โซลาร์เซลล์ฉะเชิงเทรา,commercial,consideration,/solar-carport/chachoengsao,none,high,unmeasured
province,chachoengsao,ฉะเชิงเทรา,Chachoengsao,east,P1-core,โซลาร์คาร์พอร์ตฉะเชิงเทรา,commercial,consideration,/solar-carport/chachoengsao,none,high,unmeasured
province,chachoengsao,ฉะเชิงเทรา,Chachoengsao,east,P1-core,solar cell Chachoengsao,commercial,consideration,/solar-carport/chachoengsao,none,medium,unmeasured
province,chachoengsao,ฉะเชิงเทรา,Chachoengsao,east,P1-core,บริษัทรับติดตั้งโซลาร์เซลล์ฉะเชิงเทรา,commercial,consideration,/solar-carport/chachoengsao,legal_entity,medium,unmeasured
province,chachoengsao,ฉะเชิงเทรา,Chachoengsao,east,P2-commercial,ราคาติดตั้งโซลาร์เซลล์ฉะเชิงเทรา,transactional,decision,/solar-carport/chachoengsao,site_survey_quote,high,unmeasured
province,chachoengsao,ฉะเชิงเทรา,Chachoengsao,east,P2-commercial,ราคาโซลาร์เซลล์ฉะเชิงเทรา,transactional,decision,/solar-carport/chachoengsao,site_survey_quote,high,unmeasured
province,chachoengsao,ฉะเชิงเทรา,Chachoengsao,east,P2-commercial,โซลาร์เซลล์โรงงานฉะเชิงเทรา,commercial,consideration,/solar-carport/chachoengsao/factory,site_survey_quote,high,unmeasured
province,chachoengsao,ฉะเชิงเทรา,Chachoengsao,east,P2-commercial,โซลาร์เซลล์โรงแรมฉะเชิงเทรา,commercial,consideration,/solar-carport/chachoengsao/hotel,site_survey_quote,high,unmeasured
province,chachoengsao,ฉะเชิงเทรา,Chachoengsao,east,P2-commercial,โซลาร์เซลล์อาคารพาณิชย์ฉะเชิงเทรา,commercial,consideration,/solar-carport/chachoengsao/commercial,site_survey_quote,medium,unmeasured
province,chachoengsao,ฉะเชิงเทรา,Chachoengsao,east,P2-commercial,ช่างโซลาร์ฉะเชิงเทรา,commercial,consideration,/contact,certified_claims_review,low,unmeasured
province,chachoengsao,ฉะเชิงเทรา,Chachoengsao,east,P3-cluster,สถานีชาร์จรถยนต์ไฟฟ้าฉะเชิงเทรา,commercial,consideration,/solar-carport/chachoengsao/ev,site_survey_quote,medium,unmeasured
province,chachoengsao,ฉะเชิงเทรา,Chachoengsao,east,P3-cluster,EV charger Chachoengsao,commercial,consideration,/solar-carport/chachoengsao/ev,site_survey_quote,medium,unmeasured
province,chachoengsao,ฉะเชิงเทรา,Chachoengsao,east,P3-cluster,BESS ฉะเชิงเทรา,commercial,consideration,/solar-carport/chachoengsao/bess,site_survey_quote,medium,unmeasured
province,chachoengsao,ฉะเชิงเทรา,Chachoengsao,east,P4-aeo,ติดตั้งโซลาร์เซลล์ฉะเชิงเทรา คุ้มไหม,informational,awareness,/solar-carport/chachoengsao,site_survey_quote,high,unmeasured
province,chachoengsao,ฉะเชิงเทรา,Chachoengsao,east,P4-aeo,โซลาร์เซลล์ฉะเชิงเทรา ราคาเท่าไหร่,informational,awareness,/solar-carport/chachoengsao,site_survey_quote,high,unmeasured
province,chachoengsao,ฉะเชิงเทรา,Chachoengsao,east,P4-aeo,โซลาร์เซลล์ฉะเชิงเทรา คืนทุนกี่ปี,informational,awareness,/solar-carport/chachoengsao,site_survey_quote,high,unmeasured
province,chachoengsao,ฉะเชิงเทรา,Chachoengsao,east,P4-aeo,ขั้นตอนติดตั้งโซลาร์เซลล์ฉะเชิงเทรา,informational,consideration,/solar-carport/chachoengsao,permit_process_source,medium,unmeasured
province,chachoengsao,ฉะเชิงเทรา,Chachoengsao,east,P4-aeo,ต้องขออนุญาตอะไรบ้าง ฉะเชิงเทรา,informational,consideration,/solar-carport/chachoengsao,permit_process_source,medium,unmeasured
province,chachoengsao,ฉะเชิงเทรา,Chachoengsao,east,P4-aeo,Solar Carport ในฉะเชิงเทรา ต่างจาก Solar Rooftop อย่างไร,informational,awareness,/solar-carport/chachoengsao,none,medium,unmeasured
province,chachoengsao,ฉะเชิงเทรา,Chachoengsao,east,P4-aeo,บริษัทโซลาร์เซลล์ฉะเชิงเทรา ที่ไหนดี,informational,consideration,/projects,review_source,low,unmeasured
province,chachoengsao,ฉะเชิงเทรา,Chachoengsao,east,P4-aeo,ระบบไฟฟ้า ฉะเชิงเทรา เป็น PEA หรือ MEA,informational,consideration,/solar-carport/chachoengsao,utility_official_source,medium,unmeasured
province,chai-nat,ชัยนาท,Chai Nat,central,P1-core,ติดตั้งโซลาร์เซลล์ชัยนาท,commercial,consideration,/solar-carport/chai-nat,site_survey_quote,high,unmeasured
province,chai-nat,ชัยนาท,Chai Nat,central,P1-core,โซลาร์เซลล์ชัยนาท,commercial,consideration,/solar-carport/chai-nat,none,high,unmeasured
province,chai-nat,ชัยนาท,Chai Nat,central,P1-core,โซลาร์คาร์พอร์ตชัยนาท,commercial,consideration,/solar-carport/chai-nat,none,high,unmeasured
province,chai-nat,ชัยนาท,Chai Nat,central,P1-core,solar cell Chai Nat,commercial,consideration,/solar-carport/chai-nat,none,medium,unmeasured
province,chai-nat,ชัยนาท,Chai Nat,central,P1-core,บริษัทรับติดตั้งโซลาร์เซลล์ชัยนาท,commercial,consideration,/solar-carport/chai-nat,legal_entity,medium,unmeasured
province,chai-nat,ชัยนาท,Chai Nat,central,P2-commercial,ราคาติดตั้งโซลาร์เซลล์ชัยนาท,transactional,decision,/solar-carport/chai-nat,site_survey_quote,high,unmeasured
province,chai-nat,ชัยนาท,Chai Nat,central,P2-commercial,ราคาโซลาร์เซลล์ชัยนาท,transactional,decision,/solar-carport/chai-nat,site_survey_quote,high,unmeasured
province,chai-nat,ชัยนาท,Chai Nat,central,P2-commercial,โซลาร์เซลล์โรงงานชัยนาท,commercial,consideration,/solar-carport/chai-nat/factory,site_survey_quote,high,unmeasured
province,chai-nat,ชัยนาท,Chai Nat,central,P2-commercial,โซลาร์เซลล์โรงแรมชัยนาท,commercial,consideration,/solar-carport/chai-nat/hotel,site_survey_quote,high,unmeasured
province,chai-nat,ชัยนาท,Chai Nat,central,P2-commercial,โซลาร์เซลล์อาคารพาณิชย์ชัยนาท,commercial,consideration,/solar-carport/chai-nat/commercial,site_survey_quote,medium,unmeasured
province,chai-nat,ชัยนาท,Chai Nat,central,P2-commercial,ช่างโซลาร์ชัยนาท,commercial,consideration,/contact,certified_claims_review,low,unmeasured
province,chai-nat,ชัยนาท,Chai Nat,central,P3-cluster,สถานีชาร์จรถยนต์ไฟฟ้าชัยนาท,commercial,consideration,/solar-carport/chai-nat/ev,site_survey_quote,medium,unmeasured
province,chai-nat,ชัยนาท,Chai Nat,central,P3-cluster,EV charger Chai Nat,commercial,consideration,/solar-carport/chai-nat/ev,site_survey_quote,medium,unmeasured
province,chai-nat,ชัยนาท,Chai Nat,central,P3-cluster,BESS ชัยนาท,commercial,consideration,/solar-carport/chai-nat/bess,site_survey_quote,medium,unmeasured
province,chai-nat,ชัยนาท,Chai Nat,central,P4-aeo,ติดตั้งโซลาร์เซลล์ชัยนาท คุ้มไหม,informational,awareness,/solar-carport/chai-nat,site_survey_quote,high,unmeasured
province,chai-nat,ชัยนาท,Chai Nat,central,P4-aeo,โซลาร์เซลล์ชัยนาท ราคาเท่าไหร่,informational,awareness,/solar-carport/chai-nat,site_survey_quote,high,unmeasured
province,chai-nat,ชัยนาท,Chai Nat,central,P4-aeo,โซลาร์เซลล์ชัยนาท คืนทุนกี่ปี,informational,awareness,/solar-carport/chai-nat,site_survey_quote,high,unmeasured
province,chai-nat,ชัยนาท,Chai Nat,central,P4-aeo,ขั้นตอนติดตั้งโซลาร์เซลล์ชัยนาท,informational,consideration,/solar-carport/chai-nat,permit_process_source,medium,unmeasured
province,chai-nat,ชัยนาท,Chai Nat,central,P4-aeo,ต้องขออนุญาตอะไรบ้าง ชัยนาท,informational,consideration,/solar-carport/chai-nat,permit_process_source,medium,unmeasured
province,chai-nat,ชัยนาท,Chai Nat,central,P4-aeo,Solar Carport ในชัยนาท ต่างจาก Solar Rooftop อย่างไร,informational,awareness,/solar-carport/chai-nat,none,medium,unmeasured
province,chai-nat,ชัยนาท,Chai Nat,central,P4-aeo,บริษัทโซลาร์เซลล์ชัยนาท ที่ไหนดี,informational,consideration,/projects,review_source,low,unmeasured
province,chai-nat,ชัยนาท,Chai Nat,central,P4-aeo,ระบบไฟฟ้า ชัยนาท เป็น PEA หรือ MEA,informational,consideration,/solar-carport/chai-nat,utility_official_source,medium,unmeasured
province,chaiyaphum,ชัยภูมิ,Chaiyaphum,northeast,P1-core,ติดตั้งโซลาร์เซลล์ชัยภูมิ,commercial,consideration,/solar-carport/chaiyaphum,site_survey_quote,high,unmeasured
province,chaiyaphum,ชัยภูมิ,Chaiyaphum,northeast,P1-core,โซลาร์เซลล์ชัยภูมิ,commercial,consideration,/solar-carport/chaiyaphum,none,high,unmeasured
province,chaiyaphum,ชัยภูมิ,Chaiyaphum,northeast,P1-core,โซลาร์คาร์พอร์ตชัยภูมิ,commercial,consideration,/solar-carport/chaiyaphum,none,high,unmeasured
province,chaiyaphum,ชัยภูมิ,Chaiyaphum,northeast,P1-core,solar cell Chaiyaphum,commercial,consideration,/solar-carport/chaiyaphum,none,medium,unmeasured
province,chaiyaphum,ชัยภูมิ,Chaiyaphum,northeast,P1-core,บริษัทรับติดตั้งโซลาร์เซลล์ชัยภูมิ,commercial,consideration,/solar-carport/chaiyaphum,legal_entity,medium,unmeasured
province,chaiyaphum,ชัยภูมิ,Chaiyaphum,northeast,P2-commercial,ราคาติดตั้งโซลาร์เซลล์ชัยภูมิ,transactional,decision,/solar-carport/chaiyaphum,site_survey_quote,high,unmeasured
province,chaiyaphum,ชัยภูมิ,Chaiyaphum,northeast,P2-commercial,ราคาโซลาร์เซลล์ชัยภูมิ,transactional,decision,/solar-carport/chaiyaphum,site_survey_quote,high,unmeasured
province,chaiyaphum,ชัยภูมิ,Chaiyaphum,northeast,P2-commercial,โซลาร์เซลล์โรงงานชัยภูมิ,commercial,consideration,/solar-carport/chaiyaphum/factory,site_survey_quote,high,unmeasured
province,chaiyaphum,ชัยภูมิ,Chaiyaphum,northeast,P2-commercial,โซลาร์เซลล์โรงแรมชัยภูมิ,commercial,consideration,/solar-carport/chaiyaphum/hotel,site_survey_quote,high,unmeasured
province,chaiyaphum,ชัยภูมิ,Chaiyaphum,northeast,P2-commercial,โซลาร์เซลล์อาคารพาณิชย์ชัยภูมิ,commercial,consideration,/solar-carport/chaiyaphum/commercial,site_survey_quote,medium,unmeasured
province,chaiyaphum,ชัยภูมิ,Chaiyaphum,northeast,P2-commercial,ช่างโซลาร์ชัยภูมิ,commercial,consideration,/contact,certified_claims_review,low,unmeasured
province,chaiyaphum,ชัยภูมิ,Chaiyaphum,northeast,P3-cluster,สถานีชาร์จรถยนต์ไฟฟ้าชัยภูมิ,commercial,consideration,/solar-carport/chaiyaphum/ev,site_survey_quote,medium,unmeasured
province,chaiyaphum,ชัยภูมิ,Chaiyaphum,northeast,P3-cluster,EV charger Chaiyaphum,commercial,consideration,/solar-carport/chaiyaphum/ev,site_survey_quote,medium,unmeasured
province,chaiyaphum,ชัยภูมิ,Chaiyaphum,northeast,P3-cluster,BESS ชัยภูมิ,commercial,consideration,/solar-carport/chaiyaphum/bess,site_survey_quote,medium,unmeasured
province,chaiyaphum,ชัยภูมิ,Chaiyaphum,northeast,P4-aeo,ติดตั้งโซลาร์เซลล์ชัยภูมิ คุ้มไหม,informational,awareness,/solar-carport/chaiyaphum,site_survey_quote,high,unmeasured
province,chaiyaphum,ชัยภูมิ,Chaiyaphum,northeast,P4-aeo,โซลาร์เซลล์ชัยภูมิ ราคาเท่าไหร่,informational,awareness,/solar-carport/chaiyaphum,site_survey_quote,high,unmeasured
province,chaiyaphum,ชัยภูมิ,Chaiyaphum,northeast,P4-aeo,โซลาร์เซลล์ชัยภูมิ คืนทุนกี่ปี,informational,awareness,/solar-carport/chaiyaphum,site_survey_quote,high,unmeasured
province,chaiyaphum,ชัยภูมิ,Chaiyaphum,northeast,P4-aeo,ขั้นตอนติดตั้งโซลาร์เซลล์ชัยภูมิ,informational,consideration,/solar-carport/chaiyaphum,permit_process_source,medium,unmeasured
province,chaiyaphum,ชัยภูมิ,Chaiyaphum,northeast,P4-aeo,ต้องขออนุญาตอะไรบ้าง ชัยภูมิ,informational,consideration,/solar-carport/chaiyaphum,permit_process_source,medium,unmeasured
province,chaiyaphum,ชัยภูมิ,Chaiyaphum,northeast,P4-aeo,Solar Carport ในชัยภูมิ ต่างจาก Solar Rooftop อย่างไร,informational,awareness,/solar-carport/chaiyaphum,none,medium,unmeasured
province,chaiyaphum,ชัยภูมิ,Chaiyaphum,northeast,P4-aeo,บริษัทโซลาร์เซลล์ชัยภูมิ ที่ไหนดี,informational,consideration,/projects,review_source,low,unmeasured
province,chaiyaphum,ชัยภูมิ,Chaiyaphum,northeast,P4-aeo,ระบบไฟฟ้า ชัยภูมิ เป็น PEA หรือ MEA,informational,consideration,/solar-carport/chaiyaphum,utility_official_source,medium,unmeasured
province,chanthaburi,จันทบุรี,Chanthaburi,east,P1-core,ติดตั้งโซลาร์เซลล์จันทบุรี,commercial,consideration,/solar-carport/chanthaburi,site_survey_quote,high,unmeasured
province,chanthaburi,จันทบุรี,Chanthaburi,east,P1-core,โซลาร์เซลล์จันทบุรี,commercial,consideration,/solar-carport/chanthaburi,none,high,unmeasured
province,chanthaburi,จันทบุรี,Chanthaburi,east,P1-core,โซลาร์คาร์พอร์ตจันทบุรี,commercial,consideration,/solar-carport/chanthaburi,none,high,unmeasured
province,chanthaburi,จันทบุรี,Chanthaburi,east,P1-core,solar cell Chanthaburi,commercial,consideration,/solar-carport/chanthaburi,none,medium,unmeasured
province,chanthaburi,จันทบุรี,Chanthaburi,east,P1-core,บริษัทรับติดตั้งโซลาร์เซลล์จันทบุรี,commercial,consideration,/solar-carport/chanthaburi,legal_entity,medium,unmeasured
province,chanthaburi,จันทบุรี,Chanthaburi,east,P2-commercial,ราคาติดตั้งโซลาร์เซลล์จันทบุรี,transactional,decision,/solar-carport/chanthaburi,site_survey_quote,high,unmeasured
province,chanthaburi,จันทบุรี,Chanthaburi,east,P2-commercial,ราคาโซลาร์เซลล์จันทบุรี,transactional,decision,/solar-carport/chanthaburi,site_survey_quote,high,unmeasured
province,chanthaburi,จันทบุรี,Chanthaburi,east,P2-commercial,โซลาร์เซลล์โรงงานจันทบุรี,commercial,consideration,/solar-carport/chanthaburi/factory,site_survey_quote,high,unmeasured
province,chanthaburi,จันทบุรี,Chanthaburi,east,P2-commercial,โซลาร์เซลล์โรงแรมจันทบุรี,commercial,consideration,/solar-carport/chanthaburi/hotel,site_survey_quote,high,unmeasured
province,chanthaburi,จันทบุรี,Chanthaburi,east,P2-commercial,โซลาร์เซลล์อาคารพาณิชย์จันทบุรี,commercial,consideration,/solar-carport/chanthaburi/commercial,site_survey_quote,medium,unmeasured
province,chanthaburi,จันทบุรี,Chanthaburi,east,P2-commercial,ช่างโซลาร์จันทบุรี,commercial,consideration,/contact,certified_claims_review,low,unmeasured
province,chanthaburi,จันทบุรี,Chanthaburi,east,P3-cluster,สถานีชาร์จรถยนต์ไฟฟ้าจันทบุรี,commercial,consideration,/solar-carport/chanthaburi/ev,site_survey_quote,medium,unmeasured
province,chanthaburi,จันทบุรี,Chanthaburi,east,P3-cluster,EV charger Chanthaburi,commercial,consideration,/solar-carport/chanthaburi/ev,site_survey_quote,medium,unmeasured
province,chanthaburi,จันทบุรี,Chanthaburi,east,P3-cluster,BESS จันทบุรี,commercial,consideration,/solar-carport/chanthaburi/bess,site_survey_quote,medium,unmeasured
province,chanthaburi,จันทบุรี,Chanthaburi,east,P4-aeo,ติดตั้งโซลาร์เซลล์จันทบุรี คุ้มไหม,informational,awareness,/solar-carport/chanthaburi,site_survey_quote,high,unmeasured
province,chanthaburi,จันทบุรี,Chanthaburi,east,P4-aeo,โซลาร์เซลล์จันทบุรี ราคาเท่าไหร่,informational,awareness,/solar-carport/chanthaburi,site_survey_quote,high,unmeasured
province,chanthaburi,จันทบุรี,Chanthaburi,east,P4-aeo,โซลาร์เซลล์จันทบุรี คืนทุนกี่ปี,informational,awareness,/solar-carport/chanthaburi,site_survey_quote,high,unmeasured
province,chanthaburi,จันทบุรี,Chanthaburi,east,P4-aeo,ขั้นตอนติดตั้งโซลาร์เซลล์จันทบุรี,informational,consideration,/solar-carport/chanthaburi,permit_process_source,medium,unmeasured
province,chanthaburi,จันทบุรี,Chanthaburi,east,P4-aeo,ต้องขออนุญาตอะไรบ้าง จันทบุรี,informational,consideration,/solar-carport/chanthaburi,permit_process_source,medium,unmeasured
province,chanthaburi,จันทบุรี,Chanthaburi,east,P4-aeo,Solar Carport ในจันทบุรี ต่างจาก Solar Rooftop อย่างไร,informational,awareness,/solar-carport/chanthaburi,none,medium,unmeasured
province,chanthaburi,จันทบุรี,Chanthaburi,east,P4-aeo,บริษัทโซลาร์เซลล์จันทบุรี ที่ไหนดี,informational,consideration,/projects,review_source,low,unmeasured
province,chanthaburi,จันทบุรี,Chanthaburi,east,P4-aeo,ระบบไฟฟ้า จันทบุรี เป็น PEA หรือ MEA,informational,consideration,/solar-carport/chanthaburi,utility_official_source,medium,unmeasured
province,chiang-mai,เชียงใหม่,Chiang Mai,north,P1-core,ติดตั้งโซลาร์เซลล์เชียงใหม่,commercial,consideration,/solar-carport/chiang-mai,site_survey_quote,high,unmeasured
province,chiang-mai,เชียงใหม่,Chiang Mai,north,P1-core,โซลาร์เซลล์เชียงใหม่,commercial,consideration,/solar-carport/chiang-mai,none,high,unmeasured
province,chiang-mai,เชียงใหม่,Chiang Mai,north,P1-core,โซลาร์คาร์พอร์ตเชียงใหม่,commercial,consideration,/solar-carport/chiang-mai,none,high,unmeasured
province,chiang-mai,เชียงใหม่,Chiang Mai,north,P1-core,solar cell Chiang Mai,commercial,consideration,/solar-carport/chiang-mai,none,medium,unmeasured
province,chiang-mai,เชียงใหม่,Chiang Mai,north,P1-core,บริษัทรับติดตั้งโซลาร์เซลล์เชียงใหม่,commercial,consideration,/solar-carport/chiang-mai,legal_entity,medium,unmeasured
province,chiang-mai,เชียงใหม่,Chiang Mai,north,P2-commercial,ราคาติดตั้งโซลาร์เซลล์เชียงใหม่,transactional,decision,/solar-carport/chiang-mai,site_survey_quote,high,unmeasured
province,chiang-mai,เชียงใหม่,Chiang Mai,north,P2-commercial,ราคาโซลาร์เซลล์เชียงใหม่,transactional,decision,/solar-carport/chiang-mai,site_survey_quote,high,unmeasured
province,chiang-mai,เชียงใหม่,Chiang Mai,north,P2-commercial,โซลาร์เซลล์โรงงานเชียงใหม่,commercial,consideration,/solar-carport/chiang-mai/factory,site_survey_quote,high,unmeasured
province,chiang-mai,เชียงใหม่,Chiang Mai,north,P2-commercial,โซลาร์เซลล์โรงแรมเชียงใหม่,commercial,consideration,/solar-carport/chiang-mai/hotel,site_survey_quote,high,unmeasured
province,chiang-mai,เชียงใหม่,Chiang Mai,north,P2-commercial,โซลาร์เซลล์อาคารพาณิชย์เชียงใหม่,commercial,consideration,/solar-carport/chiang-mai/commercial,site_survey_quote,medium,unmeasured
province,chiang-mai,เชียงใหม่,Chiang Mai,north,P2-commercial,ช่างโซลาร์เชียงใหม่,commercial,consideration,/contact,certified_claims_review,low,unmeasured
province,chiang-mai,เชียงใหม่,Chiang Mai,north,P3-cluster,สถานีชาร์จรถยนต์ไฟฟ้าเชียงใหม่,commercial,consideration,/solar-carport/chiang-mai/ev,site_survey_quote,medium,unmeasured
province,chiang-mai,เชียงใหม่,Chiang Mai,north,P3-cluster,EV charger Chiang Mai,commercial,consideration,/solar-carport/chiang-mai/ev,site_survey_quote,medium,unmeasured
province,chiang-mai,เชียงใหม่,Chiang Mai,north,P3-cluster,BESS เชียงใหม่,commercial,consideration,/solar-carport/chiang-mai/bess,site_survey_quote,medium,unmeasured
province,chiang-mai,เชียงใหม่,Chiang Mai,north,P4-aeo,ติดตั้งโซลาร์เซลล์เชียงใหม่ คุ้มไหม,informational,awareness,/solar-carport/chiang-mai,site_survey_quote,high,unmeasured
province,chiang-mai,เชียงใหม่,Chiang Mai,north,P4-aeo,โซลาร์เซลล์เชียงใหม่ ราคาเท่าไหร่,informational,awareness,/solar-carport/chiang-mai,site_survey_quote,high,unmeasured
province,chiang-mai,เชียงใหม่,Chiang Mai,north,P4-aeo,โซลาร์เซลล์เชียงใหม่ คืนทุนกี่ปี,informational,awareness,/solar-carport/chiang-mai,site_survey_quote,high,unmeasured
province,chiang-mai,เชียงใหม่,Chiang Mai,north,P4-aeo,ขั้นตอนติดตั้งโซลาร์เซลล์เชียงใหม่,informational,consideration,/solar-carport/chiang-mai,permit_process_source,medium,unmeasured
province,chiang-mai,เชียงใหม่,Chiang Mai,north,P4-aeo,ต้องขออนุญาตอะไรบ้าง เชียงใหม่,informational,consideration,/solar-carport/chiang-mai,permit_process_source,medium,unmeasured
province,chiang-mai,เชียงใหม่,Chiang Mai,north,P4-aeo,Solar Carport ในเชียงใหม่ ต่างจาก Solar Rooftop อย่างไร,informational,awareness,/solar-carport/chiang-mai,none,medium,unmeasured
province,chiang-mai,เชียงใหม่,Chiang Mai,north,P4-aeo,บริษัทโซลาร์เซลล์เชียงใหม่ ที่ไหนดี,informational,consideration,/projects,review_source,low,unmeasured
province,chiang-mai,เชียงใหม่,Chiang Mai,north,P4-aeo,ระบบไฟฟ้า เชียงใหม่ เป็น PEA หรือ MEA,informational,consideration,/solar-carport/chiang-mai,utility_official_source,medium,unmeasured
province,chiang-rai,เชียงราย,Chiang Rai,north,P1-core,ติดตั้งโซลาร์เซลล์เชียงราย,commercial,consideration,/solar-carport/chiang-rai,site_survey_quote,high,unmeasured
province,chiang-rai,เชียงราย,Chiang Rai,north,P1-core,โซลาร์เซลล์เชียงราย,commercial,consideration,/solar-carport/chiang-rai,none,high,unmeasured
province,chiang-rai,เชียงราย,Chiang Rai,north,P1-core,โซลาร์คาร์พอร์ตเชียงราย,commercial,consideration,/solar-carport/chiang-rai,none,high,unmeasured
province,chiang-rai,เชียงราย,Chiang Rai,north,P1-core,solar cell Chiang Rai,commercial,consideration,/solar-carport/chiang-rai,none,medium,unmeasured
province,chiang-rai,เชียงราย,Chiang Rai,north,P1-core,บริษัทรับติดตั้งโซลาร์เซลล์เชียงราย,commercial,consideration,/solar-carport/chiang-rai,legal_entity,medium,unmeasured
province,chiang-rai,เชียงราย,Chiang Rai,north,P2-commercial,ราคาติดตั้งโซลาร์เซลล์เชียงราย,transactional,decision,/solar-carport/chiang-rai,site_survey_quote,high,unmeasured
province,chiang-rai,เชียงราย,Chiang Rai,north,P2-commercial,ราคาโซลาร์เซลล์เชียงราย,transactional,decision,/solar-carport/chiang-rai,site_survey_quote,high,unmeasured
province,chiang-rai,เชียงราย,Chiang Rai,north,P2-commercial,โซลาร์เซลล์โรงงานเชียงราย,commercial,consideration,/solar-carport/chiang-rai/factory,site_survey_quote,high,unmeasured
province,chiang-rai,เชียงราย,Chiang Rai,north,P2-commercial,โซลาร์เซลล์โรงแรมเชียงราย,commercial,consideration,/solar-carport/chiang-rai/hotel,site_survey_quote,high,unmeasured
province,chiang-rai,เชียงราย,Chiang Rai,north,P2-commercial,โซลาร์เซลล์อาคารพาณิชย์เชียงราย,commercial,consideration,/solar-carport/chiang-rai/commercial,site_survey_quote,medium,unmeasured
province,chiang-rai,เชียงราย,Chiang Rai,north,P2-commercial,ช่างโซลาร์เชียงราย,commercial,consideration,/contact,certified_claims_review,low,unmeasured
province,chiang-rai,เชียงราย,Chiang Rai,north,P3-cluster,สถานีชาร์จรถยนต์ไฟฟ้าเชียงราย,commercial,consideration,/solar-carport/chiang-rai/ev,site_survey_quote,medium,unmeasured
province,chiang-rai,เชียงราย,Chiang Rai,north,P3-cluster,EV charger Chiang Rai,commercial,consideration,/solar-carport/chiang-rai/ev,site_survey_quote,medium,unmeasured
province,chiang-rai,เชียงราย,Chiang Rai,north,P3-cluster,BESS เชียงราย,commercial,consideration,/solar-carport/chiang-rai/bess,site_survey_quote,medium,unmeasured
province,chiang-rai,เชียงราย,Chiang Rai,north,P4-aeo,ติดตั้งโซลาร์เซลล์เชียงราย คุ้มไหม,informational,awareness,/solar-carport/chiang-rai,site_survey_quote,high,unmeasured
province,chiang-rai,เชียงราย,Chiang Rai,north,P4-aeo,โซลาร์เซลล์เชียงราย ราคาเท่าไหร่,informational,awareness,/solar-carport/chiang-rai,site_survey_quote,high,unmeasured
province,chiang-rai,เชียงราย,Chiang Rai,north,P4-aeo,โซลาร์เซลล์เชียงราย คืนทุนกี่ปี,informational,awareness,/solar-carport/chiang-rai,site_survey_quote,high,unmeasured
province,chiang-rai,เชียงราย,Chiang Rai,north,P4-aeo,ขั้นตอนติดตั้งโซลาร์เซลล์เชียงราย,informational,consideration,/solar-carport/chiang-rai,permit_process_source,medium,unmeasured
province,chiang-rai,เชียงราย,Chiang Rai,north,P4-aeo,ต้องขออนุญาตอะไรบ้าง เชียงราย,informational,consideration,/solar-carport/chiang-rai,permit_process_source,medium,unmeasured
province,chiang-rai,เชียงราย,Chiang Rai,north,P4-aeo,Solar Carport ในเชียงราย ต่างจาก Solar Rooftop อย่างไร,informational,awareness,/solar-carport/chiang-rai,none,medium,unmeasured
province,chiang-rai,เชียงราย,Chiang Rai,north,P4-aeo,บริษัทโซลาร์เซลล์เชียงราย ที่ไหนดี,informational,consideration,/projects,review_source,low,unmeasured
province,chiang-rai,เชียงราย,Chiang Rai,north,P4-aeo,ระบบไฟฟ้า เชียงราย เป็น PEA หรือ MEA,informational,consideration,/solar-carport/chiang-rai,utility_official_source,medium,unmeasured
province,chonburi,ชลบุรี,Chonburi,east,P1-core,ติดตั้งโซลาร์เซลล์ชลบุรี,commercial,consideration,/solar-carport/chonburi,site_survey_quote,high,unmeasured
province,chonburi,ชลบุรี,Chonburi,east,P1-core,โซลาร์เซลล์ชลบุรี,commercial,consideration,/solar-carport/chonburi,none,high,unmeasured
province,chonburi,ชลบุรี,Chonburi,east,P1-core,โซลาร์คาร์พอร์ตชลบุรี,commercial,consideration,/solar-carport/chonburi,none,high,unmeasured
province,chonburi,ชลบุรี,Chonburi,east,P1-core,solar cell Chonburi,commercial,consideration,/solar-carport/chonburi,none,medium,unmeasured
province,chonburi,ชลบุรี,Chonburi,east,P1-core,บริษัทรับติดตั้งโซลาร์เซลล์ชลบุรี,commercial,consideration,/solar-carport/chonburi,legal_entity,medium,unmeasured
province,chonburi,ชลบุรี,Chonburi,east,P2-commercial,ราคาติดตั้งโซลาร์เซลล์ชลบุรี,transactional,decision,/solar-carport/chonburi,site_survey_quote,high,unmeasured
province,chonburi,ชลบุรี,Chonburi,east,P2-commercial,ราคาโซลาร์เซลล์ชลบุรี,transactional,decision,/solar-carport/chonburi,site_survey_quote,high,unmeasured
province,chonburi,ชลบุรี,Chonburi,east,P2-commercial,โซลาร์เซลล์โรงงานชลบุรี,commercial,consideration,/solar-carport/chonburi/factory,site_survey_quote,high,unmeasured
province,chonburi,ชลบุรี,Chonburi,east,P2-commercial,โซลาร์เซลล์โรงแรมชลบุรี,commercial,consideration,/solar-carport/chonburi/hotel,site_survey_quote,high,unmeasured
province,chonburi,ชลบุรี,Chonburi,east,P2-commercial,โซลาร์เซลล์อาคารพาณิชย์ชลบุรี,commercial,consideration,/solar-carport/chonburi/commercial,site_survey_quote,medium,unmeasured
province,chonburi,ชลบุรี,Chonburi,east,P2-commercial,ช่างโซลาร์ชลบุรี,commercial,consideration,/contact,certified_claims_review,low,unmeasured
province,chonburi,ชลบุรี,Chonburi,east,P3-cluster,สถานีชาร์จรถยนต์ไฟฟ้าชลบุรี,commercial,consideration,/solar-carport/chonburi/ev,site_survey_quote,medium,unmeasured
province,chonburi,ชลบุรี,Chonburi,east,P3-cluster,EV charger Chonburi,commercial,consideration,/solar-carport/chonburi/ev,site_survey_quote,medium,unmeasured
province,chonburi,ชลบุรี,Chonburi,east,P3-cluster,BESS ชลบุรี,commercial,consideration,/solar-carport/chonburi/bess,site_survey_quote,medium,unmeasured
province,chonburi,ชลบุรี,Chonburi,east,P4-aeo,ติดตั้งโซลาร์เซลล์ชลบุรี คุ้มไหม,informational,awareness,/solar-carport/chonburi,site_survey_quote,high,unmeasured
province,chonburi,ชลบุรี,Chonburi,east,P4-aeo,โซลาร์เซลล์ชลบุรี ราคาเท่าไหร่,informational,awareness,/solar-carport/chonburi,site_survey_quote,high,unmeasured
province,chonburi,ชลบุรี,Chonburi,east,P4-aeo,โซลาร์เซลล์ชลบุรี คืนทุนกี่ปี,informational,awareness,/solar-carport/chonburi,site_survey_quote,high,unmeasured
province,chonburi,ชลบุรี,Chonburi,east,P4-aeo,ขั้นตอนติดตั้งโซลาร์เซลล์ชลบุรี,informational,consideration,/solar-carport/chonburi,permit_process_source,medium,unmeasured
province,chonburi,ชลบุรี,Chonburi,east,P4-aeo,ต้องขออนุญาตอะไรบ้าง ชลบุรี,informational,consideration,/solar-carport/chonburi,permit_process_source,medium,unmeasured
province,chonburi,ชลบุรี,Chonburi,east,P4-aeo,Solar Carport ในชลบุรี ต่างจาก Solar Rooftop อย่างไร,informational,awareness,/solar-carport/chonburi,none,medium,unmeasured
province,chonburi,ชลบุรี,Chonburi,east,P4-aeo,บริษัทโซลาร์เซลล์ชลบุรี ที่ไหนดี,informational,consideration,/projects,review_source,low,unmeasured
province,chonburi,ชลบุรี,Chonburi,east,P4-aeo,ระบบไฟฟ้า ชลบุรี เป็น PEA หรือ MEA,informational,consideration,/solar-carport/chonburi,utility_official_source,medium,unmeasured
province,chumphon,ชุมพร,Chumphon,south,P1-core,ติดตั้งโซลาร์เซลล์ชุมพร,commercial,consideration,/solar-carport/chumphon,site_survey_quote,high,unmeasured
province,chumphon,ชุมพร,Chumphon,south,P1-core,โซลาร์เซลล์ชุมพร,commercial,consideration,/solar-carport/chumphon,none,high,unmeasured
province,chumphon,ชุมพร,Chumphon,south,P1-core,โซลาร์คาร์พอร์ตชุมพร,commercial,consideration,/solar-carport/chumphon,none,high,unmeasured
province,chumphon,ชุมพร,Chumphon,south,P1-core,solar cell Chumphon,commercial,consideration,/solar-carport/chumphon,none,medium,unmeasured
province,chumphon,ชุมพร,Chumphon,south,P1-core,บริษัทรับติดตั้งโซลาร์เซลล์ชุมพร,commercial,consideration,/solar-carport/chumphon,legal_entity,medium,unmeasured
province,chumphon,ชุมพร,Chumphon,south,P2-commercial,ราคาติดตั้งโซลาร์เซลล์ชุมพร,transactional,decision,/solar-carport/chumphon,site_survey_quote,high,unmeasured
province,chumphon,ชุมพร,Chumphon,south,P2-commercial,ราคาโซลาร์เซลล์ชุมพร,transactional,decision,/solar-carport/chumphon,site_survey_quote,high,unmeasured
province,chumphon,ชุมพร,Chumphon,south,P2-commercial,โซลาร์เซลล์โรงงานชุมพร,commercial,consideration,/solar-carport/chumphon/factory,site_survey_quote,high,unmeasured
province,chumphon,ชุมพร,Chumphon,south,P2-commercial,โซลาร์เซลล์โรงแรมชุมพร,commercial,consideration,/solar-carport/chumphon/hotel,site_survey_quote,high,unmeasured
province,chumphon,ชุมพร,Chumphon,south,P2-commercial,โซลาร์เซลล์อาคารพาณิชย์ชุมพร,commercial,consideration,/solar-carport/chumphon/commercial,site_survey_quote,medium,unmeasured
province,chumphon,ชุมพร,Chumphon,south,P2-commercial,ช่างโซลาร์ชุมพร,commercial,consideration,/contact,certified_claims_review,low,unmeasured
province,chumphon,ชุมพร,Chumphon,south,P3-cluster,สถานีชาร์จรถยนต์ไฟฟ้าชุมพร,commercial,consideration,/solar-carport/chumphon/ev,site_survey_quote,medium,unmeasured
province,chumphon,ชุมพร,Chumphon,south,P3-cluster,EV charger Chumphon,commercial,consideration,/solar-carport/chumphon/ev,site_survey_quote,medium,unmeasured
province,chumphon,ชุมพร,Chumphon,south,P3-cluster,BESS ชุมพร,commercial,consideration,/solar-carport/chumphon/bess,site_survey_quote,medium,unmeasured
province,chumphon,ชุมพร,Chumphon,south,P4-aeo,ติดตั้งโซลาร์เซลล์ชุมพร คุ้มไหม,informational,awareness,/solar-carport/chumphon,site_survey_quote,high,unmeasured
province,chumphon,ชุมพร,Chumphon,south,P4-aeo,โซลาร์เซลล์ชุมพร ราคาเท่าไหร่,informational,awareness,/solar-carport/chumphon,site_survey_quote,high,unmeasured
province,chumphon,ชุมพร,Chumphon,south,P4-aeo,โซลาร์เซลล์ชุมพร คืนทุนกี่ปี,informational,awareness,/solar-carport/chumphon,site_survey_quote,high,unmeasured
province,chumphon,ชุมพร,Chumphon,south,P4-aeo,ขั้นตอนติดตั้งโซลาร์เซลล์ชุมพร,informational,consideration,/solar-carport/chumphon,permit_process_source,medium,unmeasured
province,chumphon,ชุมพร,Chumphon,south,P4-aeo,ต้องขออนุญาตอะไรบ้าง ชุมพร,informational,consideration,/solar-carport/chumphon,permit_process_source,medium,unmeasured
province,chumphon,ชุมพร,Chumphon,south,P4-aeo,Solar Carport ในชุมพร ต่างจาก Solar Rooftop อย่างไร,informational,awareness,/solar-carport/chumphon,none,medium,unmeasured
province,chumphon,ชุมพร,Chumphon,south,P4-aeo,บริษัทโซลาร์เซลล์ชุมพร ที่ไหนดี,informational,consideration,/projects,review_source,low,unmeasured
province,chumphon,ชุมพร,Chumphon,south,P4-aeo,ระบบไฟฟ้า ชุมพร เป็น PEA หรือ MEA,informational,consideration,/solar-carport/chumphon,utility_official_source,medium,unmeasured
province,kalasin,กาฬสินธุ์,Kalasin,northeast,P1-core,ติดตั้งโซลาร์เซลล์กาฬสินธุ์,commercial,consideration,/solar-carport/kalasin,site_survey_quote,high,unmeasured
province,kalasin,กาฬสินธุ์,Kalasin,northeast,P1-core,โซลาร์เซลล์กาฬสินธุ์,commercial,consideration,/solar-carport/kalasin,none,high,unmeasured
province,kalasin,กาฬสินธุ์,Kalasin,northeast,P1-core,โซลาร์คาร์พอร์ตกาฬสินธุ์,commercial,consideration,/solar-carport/kalasin,none,high,unmeasured
province,kalasin,กาฬสินธุ์,Kalasin,northeast,P1-core,solar cell Kalasin,commercial,consideration,/solar-carport/kalasin,none,medium,unmeasured
province,kalasin,กาฬสินธุ์,Kalasin,northeast,P1-core,บริษัทรับติดตั้งโซลาร์เซลล์กาฬสินธุ์,commercial,consideration,/solar-carport/kalasin,legal_entity,medium,unmeasured
province,kalasin,กาฬสินธุ์,Kalasin,northeast,P2-commercial,ราคาติดตั้งโซลาร์เซลล์กาฬสินธุ์,transactional,decision,/solar-carport/kalasin,site_survey_quote,high,unmeasured
province,kalasin,กาฬสินธุ์,Kalasin,northeast,P2-commercial,ราคาโซลาร์เซลล์กาฬสินธุ์,transactional,decision,/solar-carport/kalasin,site_survey_quote,high,unmeasured
province,kalasin,กาฬสินธุ์,Kalasin,northeast,P2-commercial,โซลาร์เซลล์โรงงานกาฬสินธุ์,commercial,consideration,/solar-carport/kalasin/factory,site_survey_quote,high,unmeasured
province,kalasin,กาฬสินธุ์,Kalasin,northeast,P2-commercial,โซลาร์เซลล์โรงแรมกาฬสินธุ์,commercial,consideration,/solar-carport/kalasin/hotel,site_survey_quote,high,unmeasured
province,kalasin,กาฬสินธุ์,Kalasin,northeast,P2-commercial,โซลาร์เซลล์อาคารพาณิชย์กาฬสินธุ์,commercial,consideration,/solar-carport/kalasin/commercial,site_survey_quote,medium,unmeasured
province,kalasin,กาฬสินธุ์,Kalasin,northeast,P2-commercial,ช่างโซลาร์กาฬสินธุ์,commercial,consideration,/contact,certified_claims_review,low,unmeasured
province,kalasin,กาฬสินธุ์,Kalasin,northeast,P3-cluster,สถานีชาร์จรถยนต์ไฟฟ้ากาฬสินธุ์,commercial,consideration,/solar-carport/kalasin/ev,site_survey_quote,medium,unmeasured
province,kalasin,กาฬสินธุ์,Kalasin,northeast,P3-cluster,EV charger Kalasin,commercial,consideration,/solar-carport/kalasin/ev,site_survey_quote,medium,unmeasured
province,kalasin,กาฬสินธุ์,Kalasin,northeast,P3-cluster,BESS กาฬสินธุ์,commercial,consideration,/solar-carport/kalasin/bess,site_survey_quote,medium,unmeasured
province,kalasin,กาฬสินธุ์,Kalasin,northeast,P4-aeo,ติดตั้งโซลาร์เซลล์กาฬสินธุ์ คุ้มไหม,informational,awareness,/solar-carport/kalasin,site_survey_quote,high,unmeasured
province,kalasin,กาฬสินธุ์,Kalasin,northeast,P4-aeo,โซลาร์เซลล์กาฬสินธุ์ ราคาเท่าไหร่,informational,awareness,/solar-carport/kalasin,site_survey_quote,high,unmeasured
province,kalasin,กาฬสินธุ์,Kalasin,northeast,P4-aeo,โซลาร์เซลล์กาฬสินธุ์ คืนทุนกี่ปี,informational,awareness,/solar-carport/kalasin,site_survey_quote,high,unmeasured
province,kalasin,กาฬสินธุ์,Kalasin,northeast,P4-aeo,ขั้นตอนติดตั้งโซลาร์เซลล์กาฬสินธุ์,informational,consideration,/solar-carport/kalasin,permit_process_source,medium,unmeasured
province,kalasin,กาฬสินธุ์,Kalasin,northeast,P4-aeo,ต้องขออนุญาตอะไรบ้าง กาฬสินธุ์,informational,consideration,/solar-carport/kalasin,permit_process_source,medium,unmeasured
province,kalasin,กาฬสินธุ์,Kalasin,northeast,P4-aeo,Solar Carport ในกาฬสินธุ์ ต่างจาก Solar Rooftop อย่างไร,informational,awareness,/solar-carport/kalasin,none,medium,unmeasured
province,kalasin,กาฬสินธุ์,Kalasin,northeast,P4-aeo,บริษัทโซลาร์เซลล์กาฬสินธุ์ ที่ไหนดี,informational,consideration,/projects,review_source,low,unmeasured
province,kalasin,กาฬสินธุ์,Kalasin,northeast,P4-aeo,ระบบไฟฟ้า กาฬสินธุ์ เป็น PEA หรือ MEA,informational,consideration,/solar-carport/kalasin,utility_official_source,medium,unmeasured
province,kamphaeng-phet,กำแพงเพชร,Kamphaeng Phet,north,P1-core,ติดตั้งโซลาร์เซลล์กำแพงเพชร,commercial,consideration,/solar-carport/kamphaeng-phet,site_survey_quote,high,unmeasured
province,kamphaeng-phet,กำแพงเพชร,Kamphaeng Phet,north,P1-core,โซลาร์เซลล์กำแพงเพชร,commercial,consideration,/solar-carport/kamphaeng-phet,none,high,unmeasured
province,kamphaeng-phet,กำแพงเพชร,Kamphaeng Phet,north,P1-core,โซลาร์คาร์พอร์ตกำแพงเพชร,commercial,consideration,/solar-carport/kamphaeng-phet,none,high,unmeasured
province,kamphaeng-phet,กำแพงเพชร,Kamphaeng Phet,north,P1-core,solar cell Kamphaeng Phet,commercial,consideration,/solar-carport/kamphaeng-phet,none,medium,unmeasured
province,kamphaeng-phet,กำแพงเพชร,Kamphaeng Phet,north,P1-core,บริษัทรับติดตั้งโซลาร์เซลล์กำแพงเพชร,commercial,consideration,/solar-carport/kamphaeng-phet,legal_entity,medium,unmeasured
province,kamphaeng-phet,กำแพงเพชร,Kamphaeng Phet,north,P2-commercial,ราคาติดตั้งโซลาร์เซลล์กำแพงเพชร,transactional,decision,/solar-carport/kamphaeng-phet,site_survey_quote,high,unmeasured
province,kamphaeng-phet,กำแพงเพชร,Kamphaeng Phet,north,P2-commercial,ราคาโซลาร์เซลล์กำแพงเพชร,transactional,decision,/solar-carport/kamphaeng-phet,site_survey_quote,high,unmeasured
province,kamphaeng-phet,กำแพงเพชร,Kamphaeng Phet,north,P2-commercial,โซลาร์เซลล์โรงงานกำแพงเพชร,commercial,consideration,/solar-carport/kamphaeng-phet/factory,site_survey_quote,high,unmeasured
province,kamphaeng-phet,กำแพงเพชร,Kamphaeng Phet,north,P2-commercial,โซลาร์เซลล์โรงแรมกำแพงเพชร,commercial,consideration,/solar-carport/kamphaeng-phet/hotel,site_survey_quote,high,unmeasured
province,kamphaeng-phet,กำแพงเพชร,Kamphaeng Phet,north,P2-commercial,โซลาร์เซลล์อาคารพาณิชย์กำแพงเพชร,commercial,consideration,/solar-carport/kamphaeng-phet/commercial,site_survey_quote,medium,unmeasured
province,kamphaeng-phet,กำแพงเพชร,Kamphaeng Phet,north,P2-commercial,ช่างโซลาร์กำแพงเพชร,commercial,consideration,/contact,certified_claims_review,low,unmeasured
province,kamphaeng-phet,กำแพงเพชร,Kamphaeng Phet,north,P3-cluster,สถานีชาร์จรถยนต์ไฟฟ้ากำแพงเพชร,commercial,consideration,/solar-carport/kamphaeng-phet/ev,site_survey_quote,medium,unmeasured
province,kamphaeng-phet,กำแพงเพชร,Kamphaeng Phet,north,P3-cluster,EV charger Kamphaeng Phet,commercial,consideration,/solar-carport/kamphaeng-phet/ev,site_survey_quote,medium,unmeasured
province,kamphaeng-phet,กำแพงเพชร,Kamphaeng Phet,north,P3-cluster,BESS กำแพงเพชร,commercial,consideration,/solar-carport/kamphaeng-phet/bess,site_survey_quote,medium,unmeasured
province,kamphaeng-phet,กำแพงเพชร,Kamphaeng Phet,north,P4-aeo,ติดตั้งโซลาร์เซลล์กำแพงเพชร คุ้มไหม,informational,awareness,/solar-carport/kamphaeng-phet,site_survey_quote,high,unmeasured
province,kamphaeng-phet,กำแพงเพชร,Kamphaeng Phet,north,P4-aeo,โซลาร์เซลล์กำแพงเพชร ราคาเท่าไหร่,informational,awareness,/solar-carport/kamphaeng-phet,site_survey_quote,high,unmeasured
province,kamphaeng-phet,กำแพงเพชร,Kamphaeng Phet,north,P4-aeo,โซลาร์เซลล์กำแพงเพชร คืนทุนกี่ปี,informational,awareness,/solar-carport/kamphaeng-phet,site_survey_quote,high,unmeasured
province,kamphaeng-phet,กำแพงเพชร,Kamphaeng Phet,north,P4-aeo,ขั้นตอนติดตั้งโซลาร์เซลล์กำแพงเพชร,informational,consideration,/solar-carport/kamphaeng-phet,permit_process_source,medium,unmeasured
province,kamphaeng-phet,กำแพงเพชร,Kamphaeng Phet,north,P4-aeo,ต้องขออนุญาตอะไรบ้าง กำแพงเพชร,informational,consideration,/solar-carport/kamphaeng-phet,permit_process_source,medium,unmeasured
province,kamphaeng-phet,กำแพงเพชร,Kamphaeng Phet,north,P4-aeo,Solar Carport ในกำแพงเพชร ต่างจาก Solar Rooftop อย่างไร,informational,awareness,/solar-carport/kamphaeng-phet,none,medium,unmeasured
province,kamphaeng-phet,กำแพงเพชร,Kamphaeng Phet,north,P4-aeo,บริษัทโซลาร์เซลล์กำแพงเพชร ที่ไหนดี,informational,consideration,/projects,review_source,low,unmeasured
province,kamphaeng-phet,กำแพงเพชร,Kamphaeng Phet,north,P4-aeo,ระบบไฟฟ้า กำแพงเพชร เป็น PEA หรือ MEA,informational,consideration,/solar-carport/kamphaeng-phet,utility_official_source,medium,unmeasured
province,kanchanaburi,กาญจนบุรี,Kanchanaburi,west,P1-core,ติดตั้งโซลาร์เซลล์กาญจนบุรี,commercial,consideration,/solar-carport/kanchanaburi,site_survey_quote,high,unmeasured
province,kanchanaburi,กาญจนบุรี,Kanchanaburi,west,P1-core,โซลาร์เซลล์กาญจนบุรี,commercial,consideration,/solar-carport/kanchanaburi,none,high,unmeasured
province,kanchanaburi,กาญจนบุรี,Kanchanaburi,west,P1-core,โซลาร์คาร์พอร์ตกาญจนบุรี,commercial,consideration,/solar-carport/kanchanaburi,none,high,unmeasured
province,kanchanaburi,กาญจนบุรี,Kanchanaburi,west,P1-core,solar cell Kanchanaburi,commercial,consideration,/solar-carport/kanchanaburi,none,medium,unmeasured
province,kanchanaburi,กาญจนบุรี,Kanchanaburi,west,P1-core,บริษัทรับติดตั้งโซลาร์เซลล์กาญจนบุรี,commercial,consideration,/solar-carport/kanchanaburi,legal_entity,medium,unmeasured
province,kanchanaburi,กาญจนบุรี,Kanchanaburi,west,P2-commercial,ราคาติดตั้งโซลาร์เซลล์กาญจนบุรี,transactional,decision,/solar-carport/kanchanaburi,site_survey_quote,high,unmeasured
province,kanchanaburi,กาญจนบุรี,Kanchanaburi,west,P2-commercial,ราคาโซลาร์เซลล์กาญจนบุรี,transactional,decision,/solar-carport/kanchanaburi,site_survey_quote,high,unmeasured
province,kanchanaburi,กาญจนบุรี,Kanchanaburi,west,P2-commercial,โซลาร์เซลล์โรงงานกาญจนบุรี,commercial,consideration,/solar-carport/kanchanaburi/factory,site_survey_quote,high,unmeasured
province,kanchanaburi,กาญจนบุรี,Kanchanaburi,west,P2-commercial,โซลาร์เซลล์โรงแรมกาญจนบุรี,commercial,consideration,/solar-carport/kanchanaburi/hotel,site_survey_quote,high,unmeasured
province,kanchanaburi,กาญจนบุรี,Kanchanaburi,west,P2-commercial,โซลาร์เซลล์อาคารพาณิชย์กาญจนบุรี,commercial,consideration,/solar-carport/kanchanaburi/commercial,site_survey_quote,medium,unmeasured
province,kanchanaburi,กาญจนบุรี,Kanchanaburi,west,P2-commercial,ช่างโซลาร์กาญจนบุรี,commercial,consideration,/contact,certified_claims_review,low,unmeasured
province,kanchanaburi,กาญจนบุรี,Kanchanaburi,west,P3-cluster,สถานีชาร์จรถยนต์ไฟฟ้ากาญจนบุรี,commercial,consideration,/solar-carport/kanchanaburi/ev,site_survey_quote,medium,unmeasured
province,kanchanaburi,กาญจนบุรี,Kanchanaburi,west,P3-cluster,EV charger Kanchanaburi,commercial,consideration,/solar-carport/kanchanaburi/ev,site_survey_quote,medium,unmeasured
province,kanchanaburi,กาญจนบุรี,Kanchanaburi,west,P3-cluster,BESS กาญจนบุรี,commercial,consideration,/solar-carport/kanchanaburi/bess,site_survey_quote,medium,unmeasured
province,kanchanaburi,กาญจนบุรี,Kanchanaburi,west,P4-aeo,ติดตั้งโซลาร์เซลล์กาญจนบุรี คุ้มไหม,informational,awareness,/solar-carport/kanchanaburi,site_survey_quote,high,unmeasured
province,kanchanaburi,กาญจนบุรี,Kanchanaburi,west,P4-aeo,โซลาร์เซลล์กาญจนบุรี ราคาเท่าไหร่,informational,awareness,/solar-carport/kanchanaburi,site_survey_quote,high,unmeasured
province,kanchanaburi,กาญจนบุรี,Kanchanaburi,west,P4-aeo,โซลาร์เซลล์กาญจนบุรี คืนทุนกี่ปี,informational,awareness,/solar-carport/kanchanaburi,site_survey_quote,high,unmeasured
province,kanchanaburi,กาญจนบุรี,Kanchanaburi,west,P4-aeo,ขั้นตอนติดตั้งโซลาร์เซลล์กาญจนบุรี,informational,consideration,/solar-carport/kanchanaburi,permit_process_source,medium,unmeasured
province,kanchanaburi,กาญจนบุรี,Kanchanaburi,west,P4-aeo,ต้องขออนุญาตอะไรบ้าง กาญจนบุรี,informational,consideration,/solar-carport/kanchanaburi,permit_process_source,medium,unmeasured
province,kanchanaburi,กาญจนบุรี,Kanchanaburi,west,P4-aeo,Solar Carport ในกาญจนบุรี ต่างจาก Solar Rooftop อย่างไร,informational,awareness,/solar-carport/kanchanaburi,none,medium,unmeasured
province,kanchanaburi,กาญจนบุรี,Kanchanaburi,west,P4-aeo,บริษัทโซลาร์เซลล์กาญจนบุรี ที่ไหนดี,informational,consideration,/projects,review_source,low,unmeasured
province,kanchanaburi,กาญจนบุรี,Kanchanaburi,west,P4-aeo,ระบบไฟฟ้า กาญจนบุรี เป็น PEA หรือ MEA,informational,consideration,/solar-carport/kanchanaburi,utility_official_source,medium,unmeasured
province,khon-kaen,ขอนแก่น,Khon Kaen,northeast,P1-core,ติดตั้งโซลาร์เซลล์ขอนแก่น,commercial,consideration,/solar-carport/khon-kaen,site_survey_quote,high,unmeasured
province,khon-kaen,ขอนแก่น,Khon Kaen,northeast,P1-core,โซลาร์เซลล์ขอนแก่น,commercial,consideration,/solar-carport/khon-kaen,none,high,unmeasured
province,khon-kaen,ขอนแก่น,Khon Kaen,northeast,P1-core,โซลาร์คาร์พอร์ตขอนแก่น,commercial,consideration,/solar-carport/khon-kaen,none,high,unmeasured
province,khon-kaen,ขอนแก่น,Khon Kaen,northeast,P1-core,solar cell Khon Kaen,commercial,consideration,/solar-carport/khon-kaen,none,medium,unmeasured
province,khon-kaen,ขอนแก่น,Khon Kaen,northeast,P1-core,บริษัทรับติดตั้งโซลาร์เซลล์ขอนแก่น,commercial,consideration,/solar-carport/khon-kaen,legal_entity,medium,unmeasured
province,khon-kaen,ขอนแก่น,Khon Kaen,northeast,P2-commercial,ราคาติดตั้งโซลาร์เซลล์ขอนแก่น,transactional,decision,/solar-carport/khon-kaen,site_survey_quote,high,unmeasured
province,khon-kaen,ขอนแก่น,Khon Kaen,northeast,P2-commercial,ราคาโซลาร์เซลล์ขอนแก่น,transactional,decision,/solar-carport/khon-kaen,site_survey_quote,high,unmeasured
province,khon-kaen,ขอนแก่น,Khon Kaen,northeast,P2-commercial,โซลาร์เซลล์โรงงานขอนแก่น,commercial,consideration,/solar-carport/khon-kaen/factory,site_survey_quote,high,unmeasured
province,khon-kaen,ขอนแก่น,Khon Kaen,northeast,P2-commercial,โซลาร์เซลล์โรงแรมขอนแก่น,commercial,consideration,/solar-carport/khon-kaen/hotel,site_survey_quote,high,unmeasured
province,khon-kaen,ขอนแก่น,Khon Kaen,northeast,P2-commercial,โซลาร์เซลล์อาคารพาณิชย์ขอนแก่น,commercial,consideration,/solar-carport/khon-kaen/commercial,site_survey_quote,medium,unmeasured
province,khon-kaen,ขอนแก่น,Khon Kaen,northeast,P2-commercial,ช่างโซลาร์ขอนแก่น,commercial,consideration,/contact,certified_claims_review,low,unmeasured
province,khon-kaen,ขอนแก่น,Khon Kaen,northeast,P3-cluster,สถานีชาร์จรถยนต์ไฟฟ้าขอนแก่น,commercial,consideration,/solar-carport/khon-kaen/ev,site_survey_quote,medium,unmeasured
province,khon-kaen,ขอนแก่น,Khon Kaen,northeast,P3-cluster,EV charger Khon Kaen,commercial,consideration,/solar-carport/khon-kaen/ev,site_survey_quote,medium,unmeasured
province,khon-kaen,ขอนแก่น,Khon Kaen,northeast,P3-cluster,BESS ขอนแก่น,commercial,consideration,/solar-carport/khon-kaen/bess,site_survey_quote,medium,unmeasured
province,khon-kaen,ขอนแก่น,Khon Kaen,northeast,P4-aeo,ติดตั้งโซลาร์เซลล์ขอนแก่น คุ้มไหม,informational,awareness,/solar-carport/khon-kaen,site_survey_quote,high,unmeasured
province,khon-kaen,ขอนแก่น,Khon Kaen,northeast,P4-aeo,โซลาร์เซลล์ขอนแก่น ราคาเท่าไหร่,informational,awareness,/solar-carport/khon-kaen,site_survey_quote,high,unmeasured
province,khon-kaen,ขอนแก่น,Khon Kaen,northeast,P4-aeo,โซลาร์เซลล์ขอนแก่น คืนทุนกี่ปี,informational,awareness,/solar-carport/khon-kaen,site_survey_quote,high,unmeasured
province,khon-kaen,ขอนแก่น,Khon Kaen,northeast,P4-aeo,ขั้นตอนติดตั้งโซลาร์เซลล์ขอนแก่น,informational,consideration,/solar-carport/khon-kaen,permit_process_source,medium,unmeasured
province,khon-kaen,ขอนแก่น,Khon Kaen,northeast,P4-aeo,ต้องขออนุญาตอะไรบ้าง ขอนแก่น,informational,consideration,/solar-carport/khon-kaen,permit_process_source,medium,unmeasured
province,khon-kaen,ขอนแก่น,Khon Kaen,northeast,P4-aeo,Solar Carport ในขอนแก่น ต่างจาก Solar Rooftop อย่างไร,informational,awareness,/solar-carport/khon-kaen,none,medium,unmeasured
province,khon-kaen,ขอนแก่น,Khon Kaen,northeast,P4-aeo,บริษัทโซลาร์เซลล์ขอนแก่น ที่ไหนดี,informational,consideration,/projects,review_source,low,unmeasured
province,khon-kaen,ขอนแก่น,Khon Kaen,northeast,P4-aeo,ระบบไฟฟ้า ขอนแก่น เป็น PEA หรือ MEA,informational,consideration,/solar-carport/khon-kaen,utility_official_source,medium,unmeasured
province,krabi,กระบี่,Krabi,south,P1-core,ติดตั้งโซลาร์เซลล์กระบี่,commercial,consideration,/solar-carport/krabi,site_survey_quote,high,unmeasured
province,krabi,กระบี่,Krabi,south,P1-core,โซลาร์เซลล์กระบี่,commercial,consideration,/solar-carport/krabi,none,high,unmeasured
province,krabi,กระบี่,Krabi,south,P1-core,โซลาร์คาร์พอร์ตกระบี่,commercial,consideration,/solar-carport/krabi,none,high,unmeasured
province,krabi,กระบี่,Krabi,south,P1-core,solar cell Krabi,commercial,consideration,/solar-carport/krabi,none,medium,unmeasured
province,krabi,กระบี่,Krabi,south,P1-core,บริษัทรับติดตั้งโซลาร์เซลล์กระบี่,commercial,consideration,/solar-carport/krabi,legal_entity,medium,unmeasured
province,krabi,กระบี่,Krabi,south,P2-commercial,ราคาติดตั้งโซลาร์เซลล์กระบี่,transactional,decision,/solar-carport/krabi,site_survey_quote,high,unmeasured
province,krabi,กระบี่,Krabi,south,P2-commercial,ราคาโซลาร์เซลล์กระบี่,transactional,decision,/solar-carport/krabi,site_survey_quote,high,unmeasured
province,krabi,กระบี่,Krabi,south,P2-commercial,โซลาร์เซลล์โรงงานกระบี่,commercial,consideration,/solar-carport/krabi/factory,site_survey_quote,high,unmeasured
province,krabi,กระบี่,Krabi,south,P2-commercial,โซลาร์เซลล์โรงแรมกระบี่,commercial,consideration,/solar-carport/krabi/hotel,site_survey_quote,high,unmeasured
province,krabi,กระบี่,Krabi,south,P2-commercial,โซลาร์เซลล์อาคารพาณิชย์กระบี่,commercial,consideration,/solar-carport/krabi/commercial,site_survey_quote,medium,unmeasured
province,krabi,กระบี่,Krabi,south,P2-commercial,ช่างโซลาร์กระบี่,commercial,consideration,/contact,certified_claims_review,low,unmeasured
province,krabi,กระบี่,Krabi,south,P3-cluster,สถานีชาร์จรถยนต์ไฟฟ้ากระบี่,commercial,consideration,/solar-carport/krabi/ev,site_survey_quote,medium,unmeasured
province,krabi,กระบี่,Krabi,south,P3-cluster,EV charger Krabi,commercial,consideration,/solar-carport/krabi/ev,site_survey_quote,medium,unmeasured
province,krabi,กระบี่,Krabi,south,P3-cluster,BESS กระบี่,commercial,consideration,/solar-carport/krabi/bess,site_survey_quote,medium,unmeasured
province,krabi,กระบี่,Krabi,south,P4-aeo,ติดตั้งโซลาร์เซลล์กระบี่ คุ้มไหม,informational,awareness,/solar-carport/krabi,site_survey_quote,high,unmeasured
province,krabi,กระบี่,Krabi,south,P4-aeo,โซลาร์เซลล์กระบี่ ราคาเท่าไหร่,informational,awareness,/solar-carport/krabi,site_survey_quote,high,unmeasured
province,krabi,กระบี่,Krabi,south,P4-aeo,โซลาร์เซลล์กระบี่ คืนทุนกี่ปี,informational,awareness,/solar-carport/krabi,site_survey_quote,high,unmeasured
province,krabi,กระบี่,Krabi,south,P4-aeo,ขั้นตอนติดตั้งโซลาร์เซลล์กระบี่,informational,consideration,/solar-carport/krabi,permit_process_source,medium,unmeasured
province,krabi,กระบี่,Krabi,south,P4-aeo,ต้องขออนุญาตอะไรบ้าง กระบี่,informational,consideration,/solar-carport/krabi,permit_process_source,medium,unmeasured
province,krabi,กระบี่,Krabi,south,P4-aeo,Solar Carport ในกระบี่ ต่างจาก Solar Rooftop อย่างไร,informational,awareness,/solar-carport/krabi,none,medium,unmeasured
province,krabi,กระบี่,Krabi,south,P4-aeo,บริษัทโซลาร์เซลล์กระบี่ ที่ไหนดี,informational,consideration,/projects,review_source,low,unmeasured
province,krabi,กระบี่,Krabi,south,P4-aeo,ระบบไฟฟ้า กระบี่ เป็น PEA หรือ MEA,informational,consideration,/solar-carport/krabi,utility_official_source,medium,unmeasured
province,lampang,ลำปาง,Lampang,north,P1-core,ติดตั้งโซลาร์เซลล์ลำปาง,commercial,consideration,/solar-carport/lampang,site_survey_quote,high,unmeasured
province,lampang,ลำปาง,Lampang,north,P1-core,โซลาร์เซลล์ลำปาง,commercial,consideration,/solar-carport/lampang,none,high,unmeasured
province,lampang,ลำปาง,Lampang,north,P1-core,โซลาร์คาร์พอร์ตลำปาง,commercial,consideration,/solar-carport/lampang,none,high,unmeasured
province,lampang,ลำปาง,Lampang,north,P1-core,solar cell Lampang,commercial,consideration,/solar-carport/lampang,none,medium,unmeasured
province,lampang,ลำปาง,Lampang,north,P1-core,บริษัทรับติดตั้งโซลาร์เซลล์ลำปาง,commercial,consideration,/solar-carport/lampang,legal_entity,medium,unmeasured
province,lampang,ลำปาง,Lampang,north,P2-commercial,ราคาติดตั้งโซลาร์เซลล์ลำปาง,transactional,decision,/solar-carport/lampang,site_survey_quote,high,unmeasured
province,lampang,ลำปาง,Lampang,north,P2-commercial,ราคาโซลาร์เซลล์ลำปาง,transactional,decision,/solar-carport/lampang,site_survey_quote,high,unmeasured
province,lampang,ลำปาง,Lampang,north,P2-commercial,โซลาร์เซลล์โรงงานลำปาง,commercial,consideration,/solar-carport/lampang/factory,site_survey_quote,high,unmeasured
province,lampang,ลำปาง,Lampang,north,P2-commercial,โซลาร์เซลล์โรงแรมลำปาง,commercial,consideration,/solar-carport/lampang/hotel,site_survey_quote,high,unmeasured
province,lampang,ลำปาง,Lampang,north,P2-commercial,โซลาร์เซลล์อาคารพาณิชย์ลำปาง,commercial,consideration,/solar-carport/lampang/commercial,site_survey_quote,medium,unmeasured
province,lampang,ลำปาง,Lampang,north,P2-commercial,ช่างโซลาร์ลำปาง,commercial,consideration,/contact,certified_claims_review,low,unmeasured
province,lampang,ลำปาง,Lampang,north,P3-cluster,สถานีชาร์จรถยนต์ไฟฟ้าลำปาง,commercial,consideration,/solar-carport/lampang/ev,site_survey_quote,medium,unmeasured
province,lampang,ลำปาง,Lampang,north,P3-cluster,EV charger Lampang,commercial,consideration,/solar-carport/lampang/ev,site_survey_quote,medium,unmeasured
province,lampang,ลำปาง,Lampang,north,P3-cluster,BESS ลำปาง,commercial,consideration,/solar-carport/lampang/bess,site_survey_quote,medium,unmeasured
province,lampang,ลำปาง,Lampang,north,P4-aeo,ติดตั้งโซลาร์เซลล์ลำปาง คุ้มไหม,informational,awareness,/solar-carport/lampang,site_survey_quote,high,unmeasured
province,lampang,ลำปาง,Lampang,north,P4-aeo,โซลาร์เซลล์ลำปาง ราคาเท่าไหร่,informational,awareness,/solar-carport/lampang,site_survey_quote,high,unmeasured
province,lampang,ลำปาง,Lampang,north,P4-aeo,โซลาร์เซลล์ลำปาง คืนทุนกี่ปี,informational,awareness,/solar-carport/lampang,site_survey_quote,high,unmeasured
province,lampang,ลำปาง,Lampang,north,P4-aeo,ขั้นตอนติดตั้งโซลาร์เซลล์ลำปาง,informational,consideration,/solar-carport/lampang,permit_process_source,medium,unmeasured
province,lampang,ลำปาง,Lampang,north,P4-aeo,ต้องขออนุญาตอะไรบ้าง ลำปาง,informational,consideration,/solar-carport/lampang,permit_process_source,medium,unmeasured
province,lampang,ลำปาง,Lampang,north,P4-aeo,Solar Carport ในลำปาง ต่างจาก Solar Rooftop อย่างไร,informational,awareness,/solar-carport/lampang,none,medium,unmeasured
province,lampang,ลำปาง,Lampang,north,P4-aeo,บริษัทโซลาร์เซลล์ลำปาง ที่ไหนดี,informational,consideration,/projects,review_source,low,unmeasured
province,lampang,ลำปาง,Lampang,north,P4-aeo,ระบบไฟฟ้า ลำปาง เป็น PEA หรือ MEA,informational,consideration,/solar-carport/lampang,utility_official_source,medium,unmeasured
province,lamphun,ลำพูน,Lamphun,north,P1-core,ติดตั้งโซลาร์เซลล์ลำพูน,commercial,consideration,/solar-carport/lamphun,site_survey_quote,high,unmeasured
province,lamphun,ลำพูน,Lamphun,north,P1-core,โซลาร์เซลล์ลำพูน,commercial,consideration,/solar-carport/lamphun,none,high,unmeasured
province,lamphun,ลำพูน,Lamphun,north,P1-core,โซลาร์คาร์พอร์ตลำพูน,commercial,consideration,/solar-carport/lamphun,none,high,unmeasured
province,lamphun,ลำพูน,Lamphun,north,P1-core,solar cell Lamphun,commercial,consideration,/solar-carport/lamphun,none,medium,unmeasured
province,lamphun,ลำพูน,Lamphun,north,P1-core,บริษัทรับติดตั้งโซลาร์เซลล์ลำพูน,commercial,consideration,/solar-carport/lamphun,legal_entity,medium,unmeasured
province,lamphun,ลำพูน,Lamphun,north,P2-commercial,ราคาติดตั้งโซลาร์เซลล์ลำพูน,transactional,decision,/solar-carport/lamphun,site_survey_quote,high,unmeasured
province,lamphun,ลำพูน,Lamphun,north,P2-commercial,ราคาโซลาร์เซลล์ลำพูน,transactional,decision,/solar-carport/lamphun,site_survey_quote,high,unmeasured
province,lamphun,ลำพูน,Lamphun,north,P2-commercial,โซลาร์เซลล์โรงงานลำพูน,commercial,consideration,/solar-carport/lamphun/factory,site_survey_quote,high,unmeasured
province,lamphun,ลำพูน,Lamphun,north,P2-commercial,โซลาร์เซลล์โรงแรมลำพูน,commercial,consideration,/solar-carport/lamphun/hotel,site_survey_quote,high,unmeasured
province,lamphun,ลำพูน,Lamphun,north,P2-commercial,โซลาร์เซลล์อาคารพาณิชย์ลำพูน,commercial,consideration,/solar-carport/lamphun/commercial,site_survey_quote,medium,unmeasured
province,lamphun,ลำพูน,Lamphun,north,P2-commercial,ช่างโซลาร์ลำพูน,commercial,consideration,/contact,certified_claims_review,low,unmeasured
province,lamphun,ลำพูน,Lamphun,north,P3-cluster,สถานีชาร์จรถยนต์ไฟฟ้าลำพูน,commercial,consideration,/solar-carport/lamphun/ev,site_survey_quote,medium,unmeasured
province,lamphun,ลำพูน,Lamphun,north,P3-cluster,EV charger Lamphun,commercial,consideration,/solar-carport/lamphun/ev,site_survey_quote,medium,unmeasured
province,lamphun,ลำพูน,Lamphun,north,P3-cluster,BESS ลำพูน,commercial,consideration,/solar-carport/lamphun/bess,site_survey_quote,medium,unmeasured
province,lamphun,ลำพูน,Lamphun,north,P4-aeo,ติดตั้งโซลาร์เซลล์ลำพูน คุ้มไหม,informational,awareness,/solar-carport/lamphun,site_survey_quote,high,unmeasured
province,lamphun,ลำพูน,Lamphun,north,P4-aeo,โซลาร์เซลล์ลำพูน ราคาเท่าไหร่,informational,awareness,/solar-carport/lamphun,site_survey_quote,high,unmeasured
province,lamphun,ลำพูน,Lamphun,north,P4-aeo,โซลาร์เซลล์ลำพูน คืนทุนกี่ปี,informational,awareness,/solar-carport/lamphun,site_survey_quote,high,unmeasured
province,lamphun,ลำพูน,Lamphun,north,P4-aeo,ขั้นตอนติดตั้งโซลาร์เซลล์ลำพูน,informational,consideration,/solar-carport/lamphun,permit_process_source,medium,unmeasured
province,lamphun,ลำพูน,Lamphun,north,P4-aeo,ต้องขออนุญาตอะไรบ้าง ลำพูน,informational,consideration,/solar-carport/lamphun,permit_process_source,medium,unmeasured
province,lamphun,ลำพูน,Lamphun,north,P4-aeo,Solar Carport ในลำพูน ต่างจาก Solar Rooftop อย่างไร,informational,awareness,/solar-carport/lamphun,none,medium,unmeasured
province,lamphun,ลำพูน,Lamphun,north,P4-aeo,บริษัทโซลาร์เซลล์ลำพูน ที่ไหนดี,informational,consideration,/projects,review_source,low,unmeasured
province,lamphun,ลำพูน,Lamphun,north,P4-aeo,ระบบไฟฟ้า ลำพูน เป็น PEA หรือ MEA,informational,consideration,/solar-carport/lamphun,utility_official_source,medium,unmeasured
province,loei,เลย,Loei,northeast,P1-core,ติดตั้งโซลาร์เซลล์เลย,commercial,consideration,/solar-carport/loei,site_survey_quote,high,unmeasured
province,loei,เลย,Loei,northeast,P1-core,โซลาร์เซลล์เลย,commercial,consideration,/solar-carport/loei,none,high,unmeasured
province,loei,เลย,Loei,northeast,P1-core,โซลาร์คาร์พอร์ตเลย,commercial,consideration,/solar-carport/loei,none,high,unmeasured
province,loei,เลย,Loei,northeast,P1-core,solar cell Loei,commercial,consideration,/solar-carport/loei,none,medium,unmeasured
province,loei,เลย,Loei,northeast,P1-core,บริษัทรับติดตั้งโซลาร์เซลล์เลย,commercial,consideration,/solar-carport/loei,legal_entity,medium,unmeasured
province,loei,เลย,Loei,northeast,P2-commercial,ราคาติดตั้งโซลาร์เซลล์เลย,transactional,decision,/solar-carport/loei,site_survey_quote,high,unmeasured
province,loei,เลย,Loei,northeast,P2-commercial,ราคาโซลาร์เซลล์เลย,transactional,decision,/solar-carport/loei,site_survey_quote,high,unmeasured
province,loei,เลย,Loei,northeast,P2-commercial,โซลาร์เซลล์โรงงานเลย,commercial,consideration,/solar-carport/loei/factory,site_survey_quote,high,unmeasured
province,loei,เลย,Loei,northeast,P2-commercial,โซลาร์เซลล์โรงแรมเลย,commercial,consideration,/solar-carport/loei/hotel,site_survey_quote,high,unmeasured
province,loei,เลย,Loei,northeast,P2-commercial,โซลาร์เซลล์อาคารพาณิชย์เลย,commercial,consideration,/solar-carport/loei/commercial,site_survey_quote,medium,unmeasured
province,loei,เลย,Loei,northeast,P2-commercial,ช่างโซลาร์เลย,commercial,consideration,/contact,certified_claims_review,low,unmeasured
province,loei,เลย,Loei,northeast,P3-cluster,สถานีชาร์จรถยนต์ไฟฟ้าเลย,commercial,consideration,/solar-carport/loei/ev,site_survey_quote,medium,unmeasured
province,loei,เลย,Loei,northeast,P3-cluster,EV charger Loei,commercial,consideration,/solar-carport/loei/ev,site_survey_quote,medium,unmeasured
province,loei,เลย,Loei,northeast,P3-cluster,BESS เลย,commercial,consideration,/solar-carport/loei/bess,site_survey_quote,medium,unmeasured
province,loei,เลย,Loei,northeast,P4-aeo,ติดตั้งโซลาร์เซลล์เลย คุ้มไหม,informational,awareness,/solar-carport/loei,site_survey_quote,high,unmeasured
province,loei,เลย,Loei,northeast,P4-aeo,โซลาร์เซลล์เลย ราคาเท่าไหร่,informational,awareness,/solar-carport/loei,site_survey_quote,high,unmeasured
province,loei,เลย,Loei,northeast,P4-aeo,โซลาร์เซลล์เลย คืนทุนกี่ปี,informational,awareness,/solar-carport/loei,site_survey_quote,high,unmeasured
province,loei,เลย,Loei,northeast,P4-aeo,ขั้นตอนติดตั้งโซลาร์เซลล์เลย,informational,consideration,/solar-carport/loei,permit_process_source,medium,unmeasured
province,loei,เลย,Loei,northeast,P4-aeo,ต้องขออนุญาตอะไรบ้าง เลย,informational,consideration,/solar-carport/loei,permit_process_source,medium,unmeasured
province,loei,เลย,Loei,northeast,P4-aeo,Solar Carport ในเลย ต่างจาก Solar Rooftop อย่างไร,informational,awareness,/solar-carport/loei,none,medium,unmeasured
province,loei,เลย,Loei,northeast,P4-aeo,บริษัทโซลาร์เซลล์เลย ที่ไหนดี,informational,consideration,/projects,review_source,low,unmeasured
province,loei,เลย,Loei,northeast,P4-aeo,ระบบไฟฟ้า เลย เป็น PEA หรือ MEA,informational,consideration,/solar-carport/loei,utility_official_source,medium,unmeasured
province,lopburi,ลพบุรี,Lopburi,central,P1-core,ติดตั้งโซลาร์เซลล์ลพบุรี,commercial,consideration,/solar-carport/lopburi,site_survey_quote,high,unmeasured
province,lopburi,ลพบุรี,Lopburi,central,P1-core,โซลาร์เซลล์ลพบุรี,commercial,consideration,/solar-carport/lopburi,none,high,unmeasured
province,lopburi,ลพบุรี,Lopburi,central,P1-core,โซลาร์คาร์พอร์ตลพบุรี,commercial,consideration,/solar-carport/lopburi,none,high,unmeasured
province,lopburi,ลพบุรี,Lopburi,central,P1-core,solar cell Lopburi,commercial,consideration,/solar-carport/lopburi,none,medium,unmeasured
province,lopburi,ลพบุรี,Lopburi,central,P1-core,บริษัทรับติดตั้งโซลาร์เซลล์ลพบุรี,commercial,consideration,/solar-carport/lopburi,legal_entity,medium,unmeasured
province,lopburi,ลพบุรี,Lopburi,central,P2-commercial,ราคาติดตั้งโซลาร์เซลล์ลพบุรี,transactional,decision,/solar-carport/lopburi,site_survey_quote,high,unmeasured
province,lopburi,ลพบุรี,Lopburi,central,P2-commercial,ราคาโซลาร์เซลล์ลพบุรี,transactional,decision,/solar-carport/lopburi,site_survey_quote,high,unmeasured
province,lopburi,ลพบุรี,Lopburi,central,P2-commercial,โซลาร์เซลล์โรงงานลพบุรี,commercial,consideration,/solar-carport/lopburi/factory,site_survey_quote,high,unmeasured
province,lopburi,ลพบุรี,Lopburi,central,P2-commercial,โซลาร์เซลล์โรงแรมลพบุรี,commercial,consideration,/solar-carport/lopburi/hotel,site_survey_quote,high,unmeasured
province,lopburi,ลพบุรี,Lopburi,central,P2-commercial,โซลาร์เซลล์อาคารพาณิชย์ลพบุรี,commercial,consideration,/solar-carport/lopburi/commercial,site_survey_quote,medium,unmeasured
province,lopburi,ลพบุรี,Lopburi,central,P2-commercial,ช่างโซลาร์ลพบุรี,commercial,consideration,/contact,certified_claims_review,low,unmeasured
province,lopburi,ลพบุรี,Lopburi,central,P3-cluster,สถานีชาร์จรถยนต์ไฟฟ้าลพบุรี,commercial,consideration,/solar-carport/lopburi/ev,site_survey_quote,medium,unmeasured
province,lopburi,ลพบุรี,Lopburi,central,P3-cluster,EV charger Lopburi,commercial,consideration,/solar-carport/lopburi/ev,site_survey_quote,medium,unmeasured
province,lopburi,ลพบุรี,Lopburi,central,P3-cluster,BESS ลพบุรี,commercial,consideration,/solar-carport/lopburi/bess,site_survey_quote,medium,unmeasured
province,lopburi,ลพบุรี,Lopburi,central,P4-aeo,ติดตั้งโซลาร์เซลล์ลพบุรี คุ้มไหม,informational,awareness,/solar-carport/lopburi,site_survey_quote,high,unmeasured
province,lopburi,ลพบุรี,Lopburi,central,P4-aeo,โซลาร์เซลล์ลพบุรี ราคาเท่าไหร่,informational,awareness,/solar-carport/lopburi,site_survey_quote,high,unmeasured
province,lopburi,ลพบุรี,Lopburi,central,P4-aeo,โซลาร์เซลล์ลพบุรี คืนทุนกี่ปี,informational,awareness,/solar-carport/lopburi,site_survey_quote,high,unmeasured
province,lopburi,ลพบุรี,Lopburi,central,P4-aeo,ขั้นตอนติดตั้งโซลาร์เซลล์ลพบุรี,informational,consideration,/solar-carport/lopburi,permit_process_source,medium,unmeasured
province,lopburi,ลพบุรี,Lopburi,central,P4-aeo,ต้องขออนุญาตอะไรบ้าง ลพบุรี,informational,consideration,/solar-carport/lopburi,permit_process_source,medium,unmeasured
province,lopburi,ลพบุรี,Lopburi,central,P4-aeo,Solar Carport ในลพบุรี ต่างจาก Solar Rooftop อย่างไร,informational,awareness,/solar-carport/lopburi,none,medium,unmeasured
province,lopburi,ลพบุรี,Lopburi,central,P4-aeo,บริษัทโซลาร์เซลล์ลพบุรี ที่ไหนดี,informational,consideration,/projects,review_source,low,unmeasured
province,lopburi,ลพบุรี,Lopburi,central,P4-aeo,ระบบไฟฟ้า ลพบุรี เป็น PEA หรือ MEA,informational,consideration,/solar-carport/lopburi,utility_official_source,medium,unmeasured
province,mae-hong-son,แม่ฮ่องสอน,Mae Hong Son,north,P1-core,ติดตั้งโซลาร์เซลล์แม่ฮ่องสอน,commercial,consideration,/solar-carport/mae-hong-son,site_survey_quote,high,unmeasured
province,mae-hong-son,แม่ฮ่องสอน,Mae Hong Son,north,P1-core,โซลาร์เซลล์แม่ฮ่องสอน,commercial,consideration,/solar-carport/mae-hong-son,none,high,unmeasured
province,mae-hong-son,แม่ฮ่องสอน,Mae Hong Son,north,P1-core,โซลาร์คาร์พอร์ตแม่ฮ่องสอน,commercial,consideration,/solar-carport/mae-hong-son,none,high,unmeasured
province,mae-hong-son,แม่ฮ่องสอน,Mae Hong Son,north,P1-core,solar cell Mae Hong Son,commercial,consideration,/solar-carport/mae-hong-son,none,medium,unmeasured
province,mae-hong-son,แม่ฮ่องสอน,Mae Hong Son,north,P1-core,บริษัทรับติดตั้งโซลาร์เซลล์แม่ฮ่องสอน,commercial,consideration,/solar-carport/mae-hong-son,legal_entity,medium,unmeasured
province,mae-hong-son,แม่ฮ่องสอน,Mae Hong Son,north,P2-commercial,ราคาติดตั้งโซลาร์เซลล์แม่ฮ่องสอน,transactional,decision,/solar-carport/mae-hong-son,site_survey_quote,high,unmeasured
province,mae-hong-son,แม่ฮ่องสอน,Mae Hong Son,north,P2-commercial,ราคาโซลาร์เซลล์แม่ฮ่องสอน,transactional,decision,/solar-carport/mae-hong-son,site_survey_quote,high,unmeasured
province,mae-hong-son,แม่ฮ่องสอน,Mae Hong Son,north,P2-commercial,โซลาร์เซลล์โรงงานแม่ฮ่องสอน,commercial,consideration,/solar-carport/mae-hong-son/factory,site_survey_quote,high,unmeasured
province,mae-hong-son,แม่ฮ่องสอน,Mae Hong Son,north,P2-commercial,โซลาร์เซลล์โรงแรมแม่ฮ่องสอน,commercial,consideration,/solar-carport/mae-hong-son/hotel,site_survey_quote,high,unmeasured
province,mae-hong-son,แม่ฮ่องสอน,Mae Hong Son,north,P2-commercial,โซลาร์เซลล์อาคารพาณิชย์แม่ฮ่องสอน,commercial,consideration,/solar-carport/mae-hong-son/commercial,site_survey_quote,medium,unmeasured
province,mae-hong-son,แม่ฮ่องสอน,Mae Hong Son,north,P2-commercial,ช่างโซลาร์แม่ฮ่องสอน,commercial,consideration,/contact,certified_claims_review,low,unmeasured
province,mae-hong-son,แม่ฮ่องสอน,Mae Hong Son,north,P3-cluster,สถานีชาร์จรถยนต์ไฟฟ้าแม่ฮ่องสอน,commercial,consideration,/solar-carport/mae-hong-son/ev,site_survey_quote,medium,unmeasured
province,mae-hong-son,แม่ฮ่องสอน,Mae Hong Son,north,P3-cluster,EV charger Mae Hong Son,commercial,consideration,/solar-carport/mae-hong-son/ev,site_survey_quote,medium,unmeasured
province,mae-hong-son,แม่ฮ่องสอน,Mae Hong Son,north,P3-cluster,BESS แม่ฮ่องสอน,commercial,consideration,/solar-carport/mae-hong-son/bess,site_survey_quote,medium,unmeasured
province,mae-hong-son,แม่ฮ่องสอน,Mae Hong Son,north,P4-aeo,ติดตั้งโซลาร์เซลล์แม่ฮ่องสอน คุ้มไหม,informational,awareness,/solar-carport/mae-hong-son,site_survey_quote,high,unmeasured
province,mae-hong-son,แม่ฮ่องสอน,Mae Hong Son,north,P4-aeo,โซลาร์เซลล์แม่ฮ่องสอน ราคาเท่าไหร่,informational,awareness,/solar-carport/mae-hong-son,site_survey_quote,high,unmeasured
province,mae-hong-son,แม่ฮ่องสอน,Mae Hong Son,north,P4-aeo,โซลาร์เซลล์แม่ฮ่องสอน คืนทุนกี่ปี,informational,awareness,/solar-carport/mae-hong-son,site_survey_quote,high,unmeasured
province,mae-hong-son,แม่ฮ่องสอน,Mae Hong Son,north,P4-aeo,ขั้นตอนติดตั้งโซลาร์เซลล์แม่ฮ่องสอน,informational,consideration,/solar-carport/mae-hong-son,permit_process_source,medium,unmeasured
province,mae-hong-son,แม่ฮ่องสอน,Mae Hong Son,north,P4-aeo,ต้องขออนุญาตอะไรบ้าง แม่ฮ่องสอน,informational,consideration,/solar-carport/mae-hong-son,permit_process_source,medium,unmeasured
province,mae-hong-son,แม่ฮ่องสอน,Mae Hong Son,north,P4-aeo,Solar Carport ในแม่ฮ่องสอน ต่างจาก Solar Rooftop อย่างไร,informational,awareness,/solar-carport/mae-hong-son,none,medium,unmeasured
province,mae-hong-son,แม่ฮ่องสอน,Mae Hong Son,north,P4-aeo,บริษัทโซลาร์เซลล์แม่ฮ่องสอน ที่ไหนดี,informational,consideration,/projects,review_source,low,unmeasured
province,mae-hong-son,แม่ฮ่องสอน,Mae Hong Son,north,P4-aeo,ระบบไฟฟ้า แม่ฮ่องสอน เป็น PEA หรือ MEA,informational,consideration,/solar-carport/mae-hong-son,utility_official_source,medium,unmeasured
province,maha-sarakham,มหาสารคาม,Maha Sarakham,northeast,P1-core,ติดตั้งโซลาร์เซลล์มหาสารคาม,commercial,consideration,/solar-carport/maha-sarakham,site_survey_quote,high,unmeasured
province,maha-sarakham,มหาสารคาม,Maha Sarakham,northeast,P1-core,โซลาร์เซลล์มหาสารคาม,commercial,consideration,/solar-carport/maha-sarakham,none,high,unmeasured
province,maha-sarakham,มหาสารคาม,Maha Sarakham,northeast,P1-core,โซลาร์คาร์พอร์ตมหาสารคาม,commercial,consideration,/solar-carport/maha-sarakham,none,high,unmeasured
province,maha-sarakham,มหาสารคาม,Maha Sarakham,northeast,P1-core,solar cell Maha Sarakham,commercial,consideration,/solar-carport/maha-sarakham,none,medium,unmeasured
province,maha-sarakham,มหาสารคาม,Maha Sarakham,northeast,P1-core,บริษัทรับติดตั้งโซลาร์เซลล์มหาสารคาม,commercial,consideration,/solar-carport/maha-sarakham,legal_entity,medium,unmeasured
province,maha-sarakham,มหาสารคาม,Maha Sarakham,northeast,P2-commercial,ราคาติดตั้งโซลาร์เซลล์มหาสารคาม,transactional,decision,/solar-carport/maha-sarakham,site_survey_quote,high,unmeasured
province,maha-sarakham,มหาสารคาม,Maha Sarakham,northeast,P2-commercial,ราคาโซลาร์เซลล์มหาสารคาม,transactional,decision,/solar-carport/maha-sarakham,site_survey_quote,high,unmeasured
province,maha-sarakham,มหาสารคาม,Maha Sarakham,northeast,P2-commercial,โซลาร์เซลล์โรงงานมหาสารคาม,commercial,consideration,/solar-carport/maha-sarakham/factory,site_survey_quote,high,unmeasured
province,maha-sarakham,มหาสารคาม,Maha Sarakham,northeast,P2-commercial,โซลาร์เซลล์โรงแรมมหาสารคาม,commercial,consideration,/solar-carport/maha-sarakham/hotel,site_survey_quote,high,unmeasured
province,maha-sarakham,มหาสารคาม,Maha Sarakham,northeast,P2-commercial,โซลาร์เซลล์อาคารพาณิชย์มหาสารคาม,commercial,consideration,/solar-carport/maha-sarakham/commercial,site_survey_quote,medium,unmeasured
province,maha-sarakham,มหาสารคาม,Maha Sarakham,northeast,P2-commercial,ช่างโซลาร์มหาสารคาม,commercial,consideration,/contact,certified_claims_review,low,unmeasured
province,maha-sarakham,มหาสารคาม,Maha Sarakham,northeast,P3-cluster,สถานีชาร์จรถยนต์ไฟฟ้ามหาสารคาม,commercial,consideration,/solar-carport/maha-sarakham/ev,site_survey_quote,medium,unmeasured
province,maha-sarakham,มหาสารคาม,Maha Sarakham,northeast,P3-cluster,EV charger Maha Sarakham,commercial,consideration,/solar-carport/maha-sarakham/ev,site_survey_quote,medium,unmeasured
province,maha-sarakham,มหาสารคาม,Maha Sarakham,northeast,P3-cluster,BESS มหาสารคาม,commercial,consideration,/solar-carport/maha-sarakham/bess,site_survey_quote,medium,unmeasured
province,maha-sarakham,มหาสารคาม,Maha Sarakham,northeast,P4-aeo,ติดตั้งโซลาร์เซลล์มหาสารคาม คุ้มไหม,informational,awareness,/solar-carport/maha-sarakham,site_survey_quote,high,unmeasured
province,maha-sarakham,มหาสารคาม,Maha Sarakham,northeast,P4-aeo,โซลาร์เซลล์มหาสารคาม ราคาเท่าไหร่,informational,awareness,/solar-carport/maha-sarakham,site_survey_quote,high,unmeasured
province,maha-sarakham,มหาสารคาม,Maha Sarakham,northeast,P4-aeo,โซลาร์เซลล์มหาสารคาม คืนทุนกี่ปี,informational,awareness,/solar-carport/maha-sarakham,site_survey_quote,high,unmeasured
province,maha-sarakham,มหาสารคาม,Maha Sarakham,northeast,P4-aeo,ขั้นตอนติดตั้งโซลาร์เซลล์มหาสารคาม,informational,consideration,/solar-carport/maha-sarakham,permit_process_source,medium,unmeasured
province,maha-sarakham,มหาสารคาม,Maha Sarakham,northeast,P4-aeo,ต้องขออนุญาตอะไรบ้าง มหาสารคาม,informational,consideration,/solar-carport/maha-sarakham,permit_process_source,medium,unmeasured
province,maha-sarakham,มหาสารคาม,Maha Sarakham,northeast,P4-aeo,Solar Carport ในมหาสารคาม ต่างจาก Solar Rooftop อย่างไร,informational,awareness,/solar-carport/maha-sarakham,none,medium,unmeasured
province,maha-sarakham,มหาสารคาม,Maha Sarakham,northeast,P4-aeo,บริษัทโซลาร์เซลล์มหาสารคาม ที่ไหนดี,informational,consideration,/projects,review_source,low,unmeasured
province,maha-sarakham,มหาสารคาม,Maha Sarakham,northeast,P4-aeo,ระบบไฟฟ้า มหาสารคาม เป็น PEA หรือ MEA,informational,consideration,/solar-carport/maha-sarakham,utility_official_source,medium,unmeasured
province,mukdahan,มุกดาหาร,Mukdahan,northeast,P1-core,ติดตั้งโซลาร์เซลล์มุกดาหาร,commercial,consideration,/solar-carport/mukdahan,site_survey_quote,high,unmeasured
province,mukdahan,มุกดาหาร,Mukdahan,northeast,P1-core,โซลาร์เซลล์มุกดาหาร,commercial,consideration,/solar-carport/mukdahan,none,high,unmeasured
province,mukdahan,มุกดาหาร,Mukdahan,northeast,P1-core,โซลาร์คาร์พอร์ตมุกดาหาร,commercial,consideration,/solar-carport/mukdahan,none,high,unmeasured
province,mukdahan,มุกดาหาร,Mukdahan,northeast,P1-core,solar cell Mukdahan,commercial,consideration,/solar-carport/mukdahan,none,medium,unmeasured
province,mukdahan,มุกดาหาร,Mukdahan,northeast,P1-core,บริษัทรับติดตั้งโซลาร์เซลล์มุกดาหาร,commercial,consideration,/solar-carport/mukdahan,legal_entity,medium,unmeasured
province,mukdahan,มุกดาหาร,Mukdahan,northeast,P2-commercial,ราคาติดตั้งโซลาร์เซลล์มุกดาหาร,transactional,decision,/solar-carport/mukdahan,site_survey_quote,high,unmeasured
province,mukdahan,มุกดาหาร,Mukdahan,northeast,P2-commercial,ราคาโซลาร์เซลล์มุกดาหาร,transactional,decision,/solar-carport/mukdahan,site_survey_quote,high,unmeasured
province,mukdahan,มุกดาหาร,Mukdahan,northeast,P2-commercial,โซลาร์เซลล์โรงงานมุกดาหาร,commercial,consideration,/solar-carport/mukdahan/factory,site_survey_quote,high,unmeasured
province,mukdahan,มุกดาหาร,Mukdahan,northeast,P2-commercial,โซลาร์เซลล์โรงแรมมุกดาหาร,commercial,consideration,/solar-carport/mukdahan/hotel,site_survey_quote,high,unmeasured
province,mukdahan,มุกดาหาร,Mukdahan,northeast,P2-commercial,โซลาร์เซลล์อาคารพาณิชย์มุกดาหาร,commercial,consideration,/solar-carport/mukdahan/commercial,site_survey_quote,medium,unmeasured
province,mukdahan,มุกดาหาร,Mukdahan,northeast,P2-commercial,ช่างโซลาร์มุกดาหาร,commercial,consideration,/contact,certified_claims_review,low,unmeasured
province,mukdahan,มุกดาหาร,Mukdahan,northeast,P3-cluster,สถานีชาร์จรถยนต์ไฟฟ้ามุกดาหาร,commercial,consideration,/solar-carport/mukdahan/ev,site_survey_quote,medium,unmeasured
province,mukdahan,มุกดาหาร,Mukdahan,northeast,P3-cluster,EV charger Mukdahan,commercial,consideration,/solar-carport/mukdahan/ev,site_survey_quote,medium,unmeasured
province,mukdahan,มุกดาหาร,Mukdahan,northeast,P3-cluster,BESS มุกดาหาร,commercial,consideration,/solar-carport/mukdahan/bess,site_survey_quote,medium,unmeasured
province,mukdahan,มุกดาหาร,Mukdahan,northeast,P4-aeo,ติดตั้งโซลาร์เซลล์มุกดาหาร คุ้มไหม,informational,awareness,/solar-carport/mukdahan,site_survey_quote,high,unmeasured
province,mukdahan,มุกดาหาร,Mukdahan,northeast,P4-aeo,โซลาร์เซลล์มุกดาหาร ราคาเท่าไหร่,informational,awareness,/solar-carport/mukdahan,site_survey_quote,high,unmeasured
province,mukdahan,มุกดาหาร,Mukdahan,northeast,P4-aeo,โซลาร์เซลล์มุกดาหาร คืนทุนกี่ปี,informational,awareness,/solar-carport/mukdahan,site_survey_quote,high,unmeasured
province,mukdahan,มุกดาหาร,Mukdahan,northeast,P4-aeo,ขั้นตอนติดตั้งโซลาร์เซลล์มุกดาหาร,informational,consideration,/solar-carport/mukdahan,permit_process_source,medium,unmeasured
province,mukdahan,มุกดาหาร,Mukdahan,northeast,P4-aeo,ต้องขออนุญาตอะไรบ้าง มุกดาหาร,informational,consideration,/solar-carport/mukdahan,permit_process_source,medium,unmeasured
province,mukdahan,มุกดาหาร,Mukdahan,northeast,P4-aeo,Solar Carport ในมุกดาหาร ต่างจาก Solar Rooftop อย่างไร,informational,awareness,/solar-carport/mukdahan,none,medium,unmeasured
province,mukdahan,มุกดาหาร,Mukdahan,northeast,P4-aeo,บริษัทโซลาร์เซลล์มุกดาหาร ที่ไหนดี,informational,consideration,/projects,review_source,low,unmeasured
province,mukdahan,มุกดาหาร,Mukdahan,northeast,P4-aeo,ระบบไฟฟ้า มุกดาหาร เป็น PEA หรือ MEA,informational,consideration,/solar-carport/mukdahan,utility_official_source,medium,unmeasured
province,nakhon-nayok,นครนายก,Nakhon Nayok,central,P1-core,ติดตั้งโซลาร์เซลล์นครนายก,commercial,consideration,/solar-carport/nakhon-nayok,site_survey_quote,high,unmeasured
province,nakhon-nayok,นครนายก,Nakhon Nayok,central,P1-core,โซลาร์เซลล์นครนายก,commercial,consideration,/solar-carport/nakhon-nayok,none,high,unmeasured
province,nakhon-nayok,นครนายก,Nakhon Nayok,central,P1-core,โซลาร์คาร์พอร์ตนครนายก,commercial,consideration,/solar-carport/nakhon-nayok,none,high,unmeasured
province,nakhon-nayok,นครนายก,Nakhon Nayok,central,P1-core,solar cell Nakhon Nayok,commercial,consideration,/solar-carport/nakhon-nayok,none,medium,unmeasured
province,nakhon-nayok,นครนายก,Nakhon Nayok,central,P1-core,บริษัทรับติดตั้งโซลาร์เซลล์นครนายก,commercial,consideration,/solar-carport/nakhon-nayok,legal_entity,medium,unmeasured
province,nakhon-nayok,นครนายก,Nakhon Nayok,central,P2-commercial,ราคาติดตั้งโซลาร์เซลล์นครนายก,transactional,decision,/solar-carport/nakhon-nayok,site_survey_quote,high,unmeasured
province,nakhon-nayok,นครนายก,Nakhon Nayok,central,P2-commercial,ราคาโซลาร์เซลล์นครนายก,transactional,decision,/solar-carport/nakhon-nayok,site_survey_quote,high,unmeasured
province,nakhon-nayok,นครนายก,Nakhon Nayok,central,P2-commercial,โซลาร์เซลล์โรงงานนครนายก,commercial,consideration,/solar-carport/nakhon-nayok/factory,site_survey_quote,high,unmeasured
province,nakhon-nayok,นครนายก,Nakhon Nayok,central,P2-commercial,โซลาร์เซลล์โรงแรมนครนายก,commercial,consideration,/solar-carport/nakhon-nayok/hotel,site_survey_quote,high,unmeasured
province,nakhon-nayok,นครนายก,Nakhon Nayok,central,P2-commercial,โซลาร์เซลล์อาคารพาณิชย์นครนายก,commercial,consideration,/solar-carport/nakhon-nayok/commercial,site_survey_quote,medium,unmeasured
province,nakhon-nayok,นครนายก,Nakhon Nayok,central,P2-commercial,ช่างโซลาร์นครนายก,commercial,consideration,/contact,certified_claims_review,low,unmeasured
province,nakhon-nayok,นครนายก,Nakhon Nayok,central,P3-cluster,สถานีชาร์จรถยนต์ไฟฟ้านครนายก,commercial,consideration,/solar-carport/nakhon-nayok/ev,site_survey_quote,medium,unmeasured
province,nakhon-nayok,นครนายก,Nakhon Nayok,central,P3-cluster,EV charger Nakhon Nayok,commercial,consideration,/solar-carport/nakhon-nayok/ev,site_survey_quote,medium,unmeasured
province,nakhon-nayok,นครนายก,Nakhon Nayok,central,P3-cluster,BESS นครนายก,commercial,consideration,/solar-carport/nakhon-nayok/bess,site_survey_quote,medium,unmeasured
province,nakhon-nayok,นครนายก,Nakhon Nayok,central,P4-aeo,ติดตั้งโซลาร์เซลล์นครนายก คุ้มไหม,informational,awareness,/solar-carport/nakhon-nayok,site_survey_quote,high,unmeasured
province,nakhon-nayok,นครนายก,Nakhon Nayok,central,P4-aeo,โซลาร์เซลล์นครนายก ราคาเท่าไหร่,informational,awareness,/solar-carport/nakhon-nayok,site_survey_quote,high,unmeasured
province,nakhon-nayok,นครนายก,Nakhon Nayok,central,P4-aeo,โซลาร์เซลล์นครนายก คืนทุนกี่ปี,informational,awareness,/solar-carport/nakhon-nayok,site_survey_quote,high,unmeasured
province,nakhon-nayok,นครนายก,Nakhon Nayok,central,P4-aeo,ขั้นตอนติดตั้งโซลาร์เซลล์นครนายก,informational,consideration,/solar-carport/nakhon-nayok,permit_process_source,medium,unmeasured
province,nakhon-nayok,นครนายก,Nakhon Nayok,central,P4-aeo,ต้องขออนุญาตอะไรบ้าง นครนายก,informational,consideration,/solar-carport/nakhon-nayok,permit_process_source,medium,unmeasured
province,nakhon-nayok,นครนายก,Nakhon Nayok,central,P4-aeo,Solar Carport ในนครนายก ต่างจาก Solar Rooftop อย่างไร,informational,awareness,/solar-carport/nakhon-nayok,none,medium,unmeasured
province,nakhon-nayok,นครนายก,Nakhon Nayok,central,P4-aeo,บริษัทโซลาร์เซลล์นครนายก ที่ไหนดี,informational,consideration,/projects,review_source,low,unmeasured
province,nakhon-nayok,นครนายก,Nakhon Nayok,central,P4-aeo,ระบบไฟฟ้า นครนายก เป็น PEA หรือ MEA,informational,consideration,/solar-carport/nakhon-nayok,utility_official_source,medium,unmeasured
province,nakhon-pathom,นครปฐม,Nakhon Pathom,central,P1-core,ติดตั้งโซลาร์เซลล์นครปฐม,commercial,consideration,/solar-carport/nakhon-pathom,site_survey_quote,high,unmeasured
province,nakhon-pathom,นครปฐม,Nakhon Pathom,central,P1-core,โซลาร์เซลล์นครปฐม,commercial,consideration,/solar-carport/nakhon-pathom,none,high,unmeasured
province,nakhon-pathom,นครปฐม,Nakhon Pathom,central,P1-core,โซลาร์คาร์พอร์ตนครปฐม,commercial,consideration,/solar-carport/nakhon-pathom,none,high,unmeasured
province,nakhon-pathom,นครปฐม,Nakhon Pathom,central,P1-core,solar cell Nakhon Pathom,commercial,consideration,/solar-carport/nakhon-pathom,none,medium,unmeasured
province,nakhon-pathom,นครปฐม,Nakhon Pathom,central,P1-core,บริษัทรับติดตั้งโซลาร์เซลล์นครปฐม,commercial,consideration,/solar-carport/nakhon-pathom,legal_entity,medium,unmeasured
province,nakhon-pathom,นครปฐม,Nakhon Pathom,central,P2-commercial,ราคาติดตั้งโซลาร์เซลล์นครปฐม,transactional,decision,/solar-carport/nakhon-pathom,site_survey_quote,high,unmeasured
province,nakhon-pathom,นครปฐม,Nakhon Pathom,central,P2-commercial,ราคาโซลาร์เซลล์นครปฐม,transactional,decision,/solar-carport/nakhon-pathom,site_survey_quote,high,unmeasured
province,nakhon-pathom,นครปฐม,Nakhon Pathom,central,P2-commercial,โซลาร์เซลล์โรงงานนครปฐม,commercial,consideration,/solar-carport/nakhon-pathom/factory,site_survey_quote,high,unmeasured
province,nakhon-pathom,นครปฐม,Nakhon Pathom,central,P2-commercial,โซลาร์เซลล์โรงแรมนครปฐม,commercial,consideration,/solar-carport/nakhon-pathom/hotel,site_survey_quote,high,unmeasured
province,nakhon-pathom,นครปฐม,Nakhon Pathom,central,P2-commercial,โซลาร์เซลล์อาคารพาณิชย์นครปฐม,commercial,consideration,/solar-carport/nakhon-pathom/commercial,site_survey_quote,medium,unmeasured
province,nakhon-pathom,นครปฐม,Nakhon Pathom,central,P2-commercial,ช่างโซลาร์นครปฐม,commercial,consideration,/contact,certified_claims_review,low,unmeasured
province,nakhon-pathom,นครปฐม,Nakhon Pathom,central,P3-cluster,สถานีชาร์จรถยนต์ไฟฟ้านครปฐม,commercial,consideration,/solar-carport/nakhon-pathom/ev,site_survey_quote,medium,unmeasured
province,nakhon-pathom,นครปฐม,Nakhon Pathom,central,P3-cluster,EV charger Nakhon Pathom,commercial,consideration,/solar-carport/nakhon-pathom/ev,site_survey_quote,medium,unmeasured
province,nakhon-pathom,นครปฐม,Nakhon Pathom,central,P3-cluster,BESS นครปฐม,commercial,consideration,/solar-carport/nakhon-pathom/bess,site_survey_quote,medium,unmeasured
province,nakhon-pathom,นครปฐม,Nakhon Pathom,central,P4-aeo,ติดตั้งโซลาร์เซลล์นครปฐม คุ้มไหม,informational,awareness,/solar-carport/nakhon-pathom,site_survey_quote,high,unmeasured
province,nakhon-pathom,นครปฐม,Nakhon Pathom,central,P4-aeo,โซลาร์เซลล์นครปฐม ราคาเท่าไหร่,informational,awareness,/solar-carport/nakhon-pathom,site_survey_quote,high,unmeasured
province,nakhon-pathom,นครปฐม,Nakhon Pathom,central,P4-aeo,โซลาร์เซลล์นครปฐม คืนทุนกี่ปี,informational,awareness,/solar-carport/nakhon-pathom,site_survey_quote,high,unmeasured
province,nakhon-pathom,นครปฐม,Nakhon Pathom,central,P4-aeo,ขั้นตอนติดตั้งโซลาร์เซลล์นครปฐม,informational,consideration,/solar-carport/nakhon-pathom,permit_process_source,medium,unmeasured
province,nakhon-pathom,นครปฐม,Nakhon Pathom,central,P4-aeo,ต้องขออนุญาตอะไรบ้าง นครปฐม,informational,consideration,/solar-carport/nakhon-pathom,permit_process_source,medium,unmeasured
province,nakhon-pathom,นครปฐม,Nakhon Pathom,central,P4-aeo,Solar Carport ในนครปฐม ต่างจาก Solar Rooftop อย่างไร,informational,awareness,/solar-carport/nakhon-pathom,none,medium,unmeasured
province,nakhon-pathom,นครปฐม,Nakhon Pathom,central,P4-aeo,บริษัทโซลาร์เซลล์นครปฐม ที่ไหนดี,informational,consideration,/projects,review_source,low,unmeasured
province,nakhon-pathom,นครปฐม,Nakhon Pathom,central,P4-aeo,ระบบไฟฟ้า นครปฐม เป็น PEA หรือ MEA,informational,consideration,/solar-carport/nakhon-pathom,utility_official_source,medium,unmeasured
province,nakhon-phanom,นครพนม,Nakhon Phanom,northeast,P1-core,ติดตั้งโซลาร์เซลล์นครพนม,commercial,consideration,/solar-carport/nakhon-phanom,site_survey_quote,high,unmeasured
province,nakhon-phanom,นครพนม,Nakhon Phanom,northeast,P1-core,โซลาร์เซลล์นครพนม,commercial,consideration,/solar-carport/nakhon-phanom,none,high,unmeasured
province,nakhon-phanom,นครพนม,Nakhon Phanom,northeast,P1-core,โซลาร์คาร์พอร์ตนครพนม,commercial,consideration,/solar-carport/nakhon-phanom,none,high,unmeasured
province,nakhon-phanom,นครพนม,Nakhon Phanom,northeast,P1-core,solar cell Nakhon Phanom,commercial,consideration,/solar-carport/nakhon-phanom,none,medium,unmeasured
province,nakhon-phanom,นครพนม,Nakhon Phanom,northeast,P1-core,บริษัทรับติดตั้งโซลาร์เซลล์นครพนม,commercial,consideration,/solar-carport/nakhon-phanom,legal_entity,medium,unmeasured
province,nakhon-phanom,นครพนม,Nakhon Phanom,northeast,P2-commercial,ราคาติดตั้งโซลาร์เซลล์นครพนม,transactional,decision,/solar-carport/nakhon-phanom,site_survey_quote,high,unmeasured
province,nakhon-phanom,นครพนม,Nakhon Phanom,northeast,P2-commercial,ราคาโซลาร์เซลล์นครพนม,transactional,decision,/solar-carport/nakhon-phanom,site_survey_quote,high,unmeasured
province,nakhon-phanom,นครพนม,Nakhon Phanom,northeast,P2-commercial,โซลาร์เซลล์โรงงานนครพนม,commercial,consideration,/solar-carport/nakhon-phanom/factory,site_survey_quote,high,unmeasured
province,nakhon-phanom,นครพนม,Nakhon Phanom,northeast,P2-commercial,โซลาร์เซลล์โรงแรมนครพนม,commercial,consideration,/solar-carport/nakhon-phanom/hotel,site_survey_quote,high,unmeasured
province,nakhon-phanom,นครพนม,Nakhon Phanom,northeast,P2-commercial,โซลาร์เซลล์อาคารพาณิชย์นครพนม,commercial,consideration,/solar-carport/nakhon-phanom/commercial,site_survey_quote,medium,unmeasured
province,nakhon-phanom,นครพนม,Nakhon Phanom,northeast,P2-commercial,ช่างโซลาร์นครพนม,commercial,consideration,/contact,certified_claims_review,low,unmeasured
province,nakhon-phanom,นครพนม,Nakhon Phanom,northeast,P3-cluster,สถานีชาร์จรถยนต์ไฟฟ้านครพนม,commercial,consideration,/solar-carport/nakhon-phanom/ev,site_survey_quote,medium,unmeasured
province,nakhon-phanom,นครพนม,Nakhon Phanom,northeast,P3-cluster,EV charger Nakhon Phanom,commercial,consideration,/solar-carport/nakhon-phanom/ev,site_survey_quote,medium,unmeasured
province,nakhon-phanom,นครพนม,Nakhon Phanom,northeast,P3-cluster,BESS นครพนม,commercial,consideration,/solar-carport/nakhon-phanom/bess,site_survey_quote,medium,unmeasured
province,nakhon-phanom,นครพนม,Nakhon Phanom,northeast,P4-aeo,ติดตั้งโซลาร์เซลล์นครพนม คุ้มไหม,informational,awareness,/solar-carport/nakhon-phanom,site_survey_quote,high,unmeasured
province,nakhon-phanom,นครพนม,Nakhon Phanom,northeast,P4-aeo,โซลาร์เซลล์นครพนม ราคาเท่าไหร่,informational,awareness,/solar-carport/nakhon-phanom,site_survey_quote,high,unmeasured
province,nakhon-phanom,นครพนม,Nakhon Phanom,northeast,P4-aeo,โซลาร์เซลล์นครพนม คืนทุนกี่ปี,informational,awareness,/solar-carport/nakhon-phanom,site_survey_quote,high,unmeasured
province,nakhon-phanom,นครพนม,Nakhon Phanom,northeast,P4-aeo,ขั้นตอนติดตั้งโซลาร์เซลล์นครพนม,informational,consideration,/solar-carport/nakhon-phanom,permit_process_source,medium,unmeasured
province,nakhon-phanom,นครพนม,Nakhon Phanom,northeast,P4-aeo,ต้องขออนุญาตอะไรบ้าง นครพนม,informational,consideration,/solar-carport/nakhon-phanom,permit_process_source,medium,unmeasured
province,nakhon-phanom,นครพนม,Nakhon Phanom,northeast,P4-aeo,Solar Carport ในนครพนม ต่างจาก Solar Rooftop อย่างไร,informational,awareness,/solar-carport/nakhon-phanom,none,medium,unmeasured
province,nakhon-phanom,นครพนม,Nakhon Phanom,northeast,P4-aeo,บริษัทโซลาร์เซลล์นครพนม ที่ไหนดี,informational,consideration,/projects,review_source,low,unmeasured
province,nakhon-phanom,นครพนม,Nakhon Phanom,northeast,P4-aeo,ระบบไฟฟ้า นครพนม เป็น PEA หรือ MEA,informational,consideration,/solar-carport/nakhon-phanom,utility_official_source,medium,unmeasured
province,nakhon-ratchasima,นครราชสีมา,Nakhon Ratchasima,northeast,P1-core,ติดตั้งโซลาร์เซลล์นครราชสีมา,commercial,consideration,/solar-carport/nakhon-ratchasima,site_survey_quote,high,unmeasured
province,nakhon-ratchasima,นครราชสีมา,Nakhon Ratchasima,northeast,P1-core,โซลาร์เซลล์นครราชสีมา,commercial,consideration,/solar-carport/nakhon-ratchasima,none,high,unmeasured
province,nakhon-ratchasima,นครราชสีมา,Nakhon Ratchasima,northeast,P1-core,โซลาร์คาร์พอร์ตนครราชสีมา,commercial,consideration,/solar-carport/nakhon-ratchasima,none,high,unmeasured
province,nakhon-ratchasima,นครราชสีมา,Nakhon Ratchasima,northeast,P1-core,solar cell Nakhon Ratchasima,commercial,consideration,/solar-carport/nakhon-ratchasima,none,medium,unmeasured
province,nakhon-ratchasima,นครราชสีมา,Nakhon Ratchasima,northeast,P1-core,บริษัทรับติดตั้งโซลาร์เซลล์นครราชสีมา,commercial,consideration,/solar-carport/nakhon-ratchasima,legal_entity,medium,unmeasured
province,nakhon-ratchasima,นครราชสีมา,Nakhon Ratchasima,northeast,P2-commercial,ราคาติดตั้งโซลาร์เซลล์นครราชสีมา,transactional,decision,/solar-carport/nakhon-ratchasima,site_survey_quote,high,unmeasured
province,nakhon-ratchasima,นครราชสีมา,Nakhon Ratchasima,northeast,P2-commercial,ราคาโซลาร์เซลล์นครราชสีมา,transactional,decision,/solar-carport/nakhon-ratchasima,site_survey_quote,high,unmeasured
province,nakhon-ratchasima,นครราชสีมา,Nakhon Ratchasima,northeast,P2-commercial,โซลาร์เซลล์โรงงานนครราชสีมา,commercial,consideration,/solar-carport/nakhon-ratchasima/factory,site_survey_quote,high,unmeasured
province,nakhon-ratchasima,นครราชสีมา,Nakhon Ratchasima,northeast,P2-commercial,โซลาร์เซลล์โรงแรมนครราชสีมา,commercial,consideration,/solar-carport/nakhon-ratchasima/hotel,site_survey_quote,high,unmeasured
province,nakhon-ratchasima,นครราชสีมา,Nakhon Ratchasima,northeast,P2-commercial,โซลาร์เซลล์อาคารพาณิชย์นครราชสีมา,commercial,consideration,/solar-carport/nakhon-ratchasima/commercial,site_survey_quote,medium,unmeasured
province,nakhon-ratchasima,นครราชสีมา,Nakhon Ratchasima,northeast,P2-commercial,ช่างโซลาร์นครราชสีมา,commercial,consideration,/contact,certified_claims_review,low,unmeasured
province,nakhon-ratchasima,นครราชสีมา,Nakhon Ratchasima,northeast,P3-cluster,สถานีชาร์จรถยนต์ไฟฟ้านครราชสีมา,commercial,consideration,/solar-carport/nakhon-ratchasima/ev,site_survey_quote,medium,unmeasured
province,nakhon-ratchasima,นครราชสีมา,Nakhon Ratchasima,northeast,P3-cluster,EV charger Nakhon Ratchasima,commercial,consideration,/solar-carport/nakhon-ratchasima/ev,site_survey_quote,medium,unmeasured
province,nakhon-ratchasima,นครราชสีมา,Nakhon Ratchasima,northeast,P3-cluster,BESS นครราชสีมา,commercial,consideration,/solar-carport/nakhon-ratchasima/bess,site_survey_quote,medium,unmeasured
province,nakhon-ratchasima,นครราชสีมา,Nakhon Ratchasima,northeast,P4-aeo,ติดตั้งโซลาร์เซลล์นครราชสีมา คุ้มไหม,informational,awareness,/solar-carport/nakhon-ratchasima,site_survey_quote,high,unmeasured
province,nakhon-ratchasima,นครราชสีมา,Nakhon Ratchasima,northeast,P4-aeo,โซลาร์เซลล์นครราชสีมา ราคาเท่าไหร่,informational,awareness,/solar-carport/nakhon-ratchasima,site_survey_quote,high,unmeasured
province,nakhon-ratchasima,นครราชสีมา,Nakhon Ratchasima,northeast,P4-aeo,โซลาร์เซลล์นครราชสีมา คืนทุนกี่ปี,informational,awareness,/solar-carport/nakhon-ratchasima,site_survey_quote,high,unmeasured
province,nakhon-ratchasima,นครราชสีมา,Nakhon Ratchasima,northeast,P4-aeo,ขั้นตอนติดตั้งโซลาร์เซลล์นครราชสีมา,informational,consideration,/solar-carport/nakhon-ratchasima,permit_process_source,medium,unmeasured
province,nakhon-ratchasima,นครราชสีมา,Nakhon Ratchasima,northeast,P4-aeo,ต้องขออนุญาตอะไรบ้าง นครราชสีมา,informational,consideration,/solar-carport/nakhon-ratchasima,permit_process_source,medium,unmeasured
province,nakhon-ratchasima,นครราชสีมา,Nakhon Ratchasima,northeast,P4-aeo,Solar Carport ในนครราชสีมา ต่างจาก Solar Rooftop อย่างไร,informational,awareness,/solar-carport/nakhon-ratchasima,none,medium,unmeasured
province,nakhon-ratchasima,นครราชสีมา,Nakhon Ratchasima,northeast,P4-aeo,บริษัทโซลาร์เซลล์นครราชสีมา ที่ไหนดี,informational,consideration,/projects,review_source,low,unmeasured
province,nakhon-ratchasima,นครราชสีมา,Nakhon Ratchasima,northeast,P4-aeo,ระบบไฟฟ้า นครราชสีมา เป็น PEA หรือ MEA,informational,consideration,/solar-carport/nakhon-ratchasima,utility_official_source,medium,unmeasured
province,nakhon-sawan,นครสวรรค์,Nakhon Sawan,central,P1-core,ติดตั้งโซลาร์เซลล์นครสวรรค์,commercial,consideration,/solar-carport/nakhon-sawan,site_survey_quote,high,unmeasured
province,nakhon-sawan,นครสวรรค์,Nakhon Sawan,central,P1-core,โซลาร์เซลล์นครสวรรค์,commercial,consideration,/solar-carport/nakhon-sawan,none,high,unmeasured
province,nakhon-sawan,นครสวรรค์,Nakhon Sawan,central,P1-core,โซลาร์คาร์พอร์ตนครสวรรค์,commercial,consideration,/solar-carport/nakhon-sawan,none,high,unmeasured
province,nakhon-sawan,นครสวรรค์,Nakhon Sawan,central,P1-core,solar cell Nakhon Sawan,commercial,consideration,/solar-carport/nakhon-sawan,none,medium,unmeasured
province,nakhon-sawan,นครสวรรค์,Nakhon Sawan,central,P1-core,บริษัทรับติดตั้งโซลาร์เซลล์นครสวรรค์,commercial,consideration,/solar-carport/nakhon-sawan,legal_entity,medium,unmeasured
province,nakhon-sawan,นครสวรรค์,Nakhon Sawan,central,P2-commercial,ราคาติดตั้งโซลาร์เซลล์นครสวรรค์,transactional,decision,/solar-carport/nakhon-sawan,site_survey_quote,high,unmeasured
province,nakhon-sawan,นครสวรรค์,Nakhon Sawan,central,P2-commercial,ราคาโซลาร์เซลล์นครสวรรค์,transactional,decision,/solar-carport/nakhon-sawan,site_survey_quote,high,unmeasured
province,nakhon-sawan,นครสวรรค์,Nakhon Sawan,central,P2-commercial,โซลาร์เซลล์โรงงานนครสวรรค์,commercial,consideration,/solar-carport/nakhon-sawan/factory,site_survey_quote,high,unmeasured
province,nakhon-sawan,นครสวรรค์,Nakhon Sawan,central,P2-commercial,โซลาร์เซลล์โรงแรมนครสวรรค์,commercial,consideration,/solar-carport/nakhon-sawan/hotel,site_survey_quote,high,unmeasured
province,nakhon-sawan,นครสวรรค์,Nakhon Sawan,central,P2-commercial,โซลาร์เซลล์อาคารพาณิชย์นครสวรรค์,commercial,consideration,/solar-carport/nakhon-sawan/commercial,site_survey_quote,medium,unmeasured
province,nakhon-sawan,นครสวรรค์,Nakhon Sawan,central,P2-commercial,ช่างโซลาร์นครสวรรค์,commercial,consideration,/contact,certified_claims_review,low,unmeasured
province,nakhon-sawan,นครสวรรค์,Nakhon Sawan,central,P3-cluster,สถานีชาร์จรถยนต์ไฟฟ้านครสวรรค์,commercial,consideration,/solar-carport/nakhon-sawan/ev,site_survey_quote,medium,unmeasured
province,nakhon-sawan,นครสวรรค์,Nakhon Sawan,central,P3-cluster,EV charger Nakhon Sawan,commercial,consideration,/solar-carport/nakhon-sawan/ev,site_survey_quote,medium,unmeasured
province,nakhon-sawan,นครสวรรค์,Nakhon Sawan,central,P3-cluster,BESS นครสวรรค์,commercial,consideration,/solar-carport/nakhon-sawan/bess,site_survey_quote,medium,unmeasured
province,nakhon-sawan,นครสวรรค์,Nakhon Sawan,central,P4-aeo,ติดตั้งโซลาร์เซลล์นครสวรรค์ คุ้มไหม,informational,awareness,/solar-carport/nakhon-sawan,site_survey_quote,high,unmeasured
province,nakhon-sawan,นครสวรรค์,Nakhon Sawan,central,P4-aeo,โซลาร์เซลล์นครสวรรค์ ราคาเท่าไหร่,informational,awareness,/solar-carport/nakhon-sawan,site_survey_quote,high,unmeasured
province,nakhon-sawan,นครสวรรค์,Nakhon Sawan,central,P4-aeo,โซลาร์เซลล์นครสวรรค์ คืนทุนกี่ปี,informational,awareness,/solar-carport/nakhon-sawan,site_survey_quote,high,unmeasured
province,nakhon-sawan,นครสวรรค์,Nakhon Sawan,central,P4-aeo,ขั้นตอนติดตั้งโซลาร์เซลล์นครสวรรค์,informational,consideration,/solar-carport/nakhon-sawan,permit_process_source,medium,unmeasured
province,nakhon-sawan,นครสวรรค์,Nakhon Sawan,central,P4-aeo,ต้องขออนุญาตอะไรบ้าง นครสวรรค์,informational,consideration,/solar-carport/nakhon-sawan,permit_process_source,medium,unmeasured
province,nakhon-sawan,นครสวรรค์,Nakhon Sawan,central,P4-aeo,Solar Carport ในนครสวรรค์ ต่างจาก Solar Rooftop อย่างไร,informational,awareness,/solar-carport/nakhon-sawan,none,medium,unmeasured
province,nakhon-sawan,นครสวรรค์,Nakhon Sawan,central,P4-aeo,บริษัทโซลาร์เซลล์นครสวรรค์ ที่ไหนดี,informational,consideration,/projects,review_source,low,unmeasured
province,nakhon-sawan,นครสวรรค์,Nakhon Sawan,central,P4-aeo,ระบบไฟฟ้า นครสวรรค์ เป็น PEA หรือ MEA,informational,consideration,/solar-carport/nakhon-sawan,utility_official_source,medium,unmeasured
province,nakhon-si-thammarat,นครศรีธรรมราช,Nakhon Si Thammarat,south,P1-core,ติดตั้งโซลาร์เซลล์นครศรีธรรมราช,commercial,consideration,/solar-carport/nakhon-si-thammarat,site_survey_quote,high,unmeasured
province,nakhon-si-thammarat,นครศรีธรรมราช,Nakhon Si Thammarat,south,P1-core,โซลาร์เซลล์นครศรีธรรมราช,commercial,consideration,/solar-carport/nakhon-si-thammarat,none,high,unmeasured
province,nakhon-si-thammarat,นครศรีธรรมราช,Nakhon Si Thammarat,south,P1-core,โซลาร์คาร์พอร์ตนครศรีธรรมราช,commercial,consideration,/solar-carport/nakhon-si-thammarat,none,high,unmeasured
province,nakhon-si-thammarat,นครศรีธรรมราช,Nakhon Si Thammarat,south,P1-core,solar cell Nakhon Si Thammarat,commercial,consideration,/solar-carport/nakhon-si-thammarat,none,medium,unmeasured
province,nakhon-si-thammarat,นครศรีธรรมราช,Nakhon Si Thammarat,south,P1-core,บริษัทรับติดตั้งโซลาร์เซลล์นครศรีธรรมราช,commercial,consideration,/solar-carport/nakhon-si-thammarat,legal_entity,medium,unmeasured
province,nakhon-si-thammarat,นครศรีธรรมราช,Nakhon Si Thammarat,south,P2-commercial,ราคาติดตั้งโซลาร์เซลล์นครศรีธรรมราช,transactional,decision,/solar-carport/nakhon-si-thammarat,site_survey_quote,high,unmeasured
province,nakhon-si-thammarat,นครศรีธรรมราช,Nakhon Si Thammarat,south,P2-commercial,ราคาโซลาร์เซลล์นครศรีธรรมราช,transactional,decision,/solar-carport/nakhon-si-thammarat,site_survey_quote,high,unmeasured
province,nakhon-si-thammarat,นครศรีธรรมราช,Nakhon Si Thammarat,south,P2-commercial,โซลาร์เซลล์โรงงานนครศรีธรรมราช,commercial,consideration,/solar-carport/nakhon-si-thammarat/factory,site_survey_quote,high,unmeasured
province,nakhon-si-thammarat,นครศรีธรรมราช,Nakhon Si Thammarat,south,P2-commercial,โซลาร์เซลล์โรงแรมนครศรีธรรมราช,commercial,consideration,/solar-carport/nakhon-si-thammarat/hotel,site_survey_quote,high,unmeasured
province,nakhon-si-thammarat,นครศรีธรรมราช,Nakhon Si Thammarat,south,P2-commercial,โซลาร์เซลล์อาคารพาณิชย์นครศรีธรรมราช,commercial,consideration,/solar-carport/nakhon-si-thammarat/commercial,site_survey_quote,medium,unmeasured
province,nakhon-si-thammarat,นครศรีธรรมราช,Nakhon Si Thammarat,south,P2-commercial,ช่างโซลาร์นครศรีธรรมราช,commercial,consideration,/contact,certified_claims_review,low,unmeasured
province,nakhon-si-thammarat,นครศรีธรรมราช,Nakhon Si Thammarat,south,P3-cluster,สถานีชาร์จรถยนต์ไฟฟ้านครศรีธรรมราช,commercial,consideration,/solar-carport/nakhon-si-thammarat/ev,site_survey_quote,medium,unmeasured
province,nakhon-si-thammarat,นครศรีธรรมราช,Nakhon Si Thammarat,south,P3-cluster,EV charger Nakhon Si Thammarat,commercial,consideration,/solar-carport/nakhon-si-thammarat/ev,site_survey_quote,medium,unmeasured
province,nakhon-si-thammarat,นครศรีธรรมราช,Nakhon Si Thammarat,south,P3-cluster,BESS นครศรีธรรมราช,commercial,consideration,/solar-carport/nakhon-si-thammarat/bess,site_survey_quote,medium,unmeasured
province,nakhon-si-thammarat,นครศรีธรรมราช,Nakhon Si Thammarat,south,P4-aeo,ติดตั้งโซลาร์เซลล์นครศรีธรรมราช คุ้มไหม,informational,awareness,/solar-carport/nakhon-si-thammarat,site_survey_quote,high,unmeasured
province,nakhon-si-thammarat,นครศรีธรรมราช,Nakhon Si Thammarat,south,P4-aeo,โซลาร์เซลล์นครศรีธรรมราช ราคาเท่าไหร่,informational,awareness,/solar-carport/nakhon-si-thammarat,site_survey_quote,high,unmeasured
province,nakhon-si-thammarat,นครศรีธรรมราช,Nakhon Si Thammarat,south,P4-aeo,โซลาร์เซลล์นครศรีธรรมราช คืนทุนกี่ปี,informational,awareness,/solar-carport/nakhon-si-thammarat,site_survey_quote,high,unmeasured
province,nakhon-si-thammarat,นครศรีธรรมราช,Nakhon Si Thammarat,south,P4-aeo,ขั้นตอนติดตั้งโซลาร์เซลล์นครศรีธรรมราช,informational,consideration,/solar-carport/nakhon-si-thammarat,permit_process_source,medium,unmeasured
province,nakhon-si-thammarat,นครศรีธรรมราช,Nakhon Si Thammarat,south,P4-aeo,ต้องขออนุญาตอะไรบ้าง นครศรีธรรมราช,informational,consideration,/solar-carport/nakhon-si-thammarat,permit_process_source,medium,unmeasured
province,nakhon-si-thammarat,นครศรีธรรมราช,Nakhon Si Thammarat,south,P4-aeo,Solar Carport ในนครศรีธรรมราช ต่างจาก Solar Rooftop อย่างไร,informational,awareness,/solar-carport/nakhon-si-thammarat,none,medium,unmeasured
province,nakhon-si-thammarat,นครศรีธรรมราช,Nakhon Si Thammarat,south,P4-aeo,บริษัทโซลาร์เซลล์นครศรีธรรมราช ที่ไหนดี,informational,consideration,/projects,review_source,low,unmeasured
province,nakhon-si-thammarat,นครศรีธรรมราช,Nakhon Si Thammarat,south,P4-aeo,ระบบไฟฟ้า นครศรีธรรมราช เป็น PEA หรือ MEA,informational,consideration,/solar-carport/nakhon-si-thammarat,utility_official_source,medium,unmeasured
province,nan,น่าน,Nan,north,P1-core,ติดตั้งโซลาร์เซลล์น่าน,commercial,consideration,/solar-carport/nan,site_survey_quote,high,unmeasured
province,nan,น่าน,Nan,north,P1-core,โซลาร์เซลล์น่าน,commercial,consideration,/solar-carport/nan,none,high,unmeasured
province,nan,น่าน,Nan,north,P1-core,โซลาร์คาร์พอร์ตน่าน,commercial,consideration,/solar-carport/nan,none,high,unmeasured
province,nan,น่าน,Nan,north,P1-core,solar cell Nan,commercial,consideration,/solar-carport/nan,none,medium,unmeasured
province,nan,น่าน,Nan,north,P1-core,บริษัทรับติดตั้งโซลาร์เซลล์น่าน,commercial,consideration,/solar-carport/nan,legal_entity,medium,unmeasured
province,nan,น่าน,Nan,north,P2-commercial,ราคาติดตั้งโซลาร์เซลล์น่าน,transactional,decision,/solar-carport/nan,site_survey_quote,high,unmeasured
province,nan,น่าน,Nan,north,P2-commercial,ราคาโซลาร์เซลล์น่าน,transactional,decision,/solar-carport/nan,site_survey_quote,high,unmeasured
province,nan,น่าน,Nan,north,P2-commercial,โซลาร์เซลล์โรงงานน่าน,commercial,consideration,/solar-carport/nan/factory,site_survey_quote,high,unmeasured
province,nan,น่าน,Nan,north,P2-commercial,โซลาร์เซลล์โรงแรมน่าน,commercial,consideration,/solar-carport/nan/hotel,site_survey_quote,high,unmeasured
province,nan,น่าน,Nan,north,P2-commercial,โซลาร์เซลล์อาคารพาณิชย์น่าน,commercial,consideration,/solar-carport/nan/commercial,site_survey_quote,medium,unmeasured
province,nan,น่าน,Nan,north,P2-commercial,ช่างโซลาร์น่าน,commercial,consideration,/contact,certified_claims_review,low,unmeasured
province,nan,น่าน,Nan,north,P3-cluster,สถานีชาร์จรถยนต์ไฟฟ้าน่าน,commercial,consideration,/solar-carport/nan/ev,site_survey_quote,medium,unmeasured
province,nan,น่าน,Nan,north,P3-cluster,EV charger Nan,commercial,consideration,/solar-carport/nan/ev,site_survey_quote,medium,unmeasured
province,nan,น่าน,Nan,north,P3-cluster,BESS น่าน,commercial,consideration,/solar-carport/nan/bess,site_survey_quote,medium,unmeasured
province,nan,น่าน,Nan,north,P4-aeo,ติดตั้งโซลาร์เซลล์น่าน คุ้มไหม,informational,awareness,/solar-carport/nan,site_survey_quote,high,unmeasured
province,nan,น่าน,Nan,north,P4-aeo,โซลาร์เซลล์น่าน ราคาเท่าไหร่,informational,awareness,/solar-carport/nan,site_survey_quote,high,unmeasured
province,nan,น่าน,Nan,north,P4-aeo,โซลาร์เซลล์น่าน คืนทุนกี่ปี,informational,awareness,/solar-carport/nan,site_survey_quote,high,unmeasured
province,nan,น่าน,Nan,north,P4-aeo,ขั้นตอนติดตั้งโซลาร์เซลล์น่าน,informational,consideration,/solar-carport/nan,permit_process_source,medium,unmeasured
province,nan,น่าน,Nan,north,P4-aeo,ต้องขออนุญาตอะไรบ้าง น่าน,informational,consideration,/solar-carport/nan,permit_process_source,medium,unmeasured
province,nan,น่าน,Nan,north,P4-aeo,Solar Carport ในน่าน ต่างจาก Solar Rooftop อย่างไร,informational,awareness,/solar-carport/nan,none,medium,unmeasured
province,nan,น่าน,Nan,north,P4-aeo,บริษัทโซลาร์เซลล์น่าน ที่ไหนดี,informational,consideration,/projects,review_source,low,unmeasured
province,nan,น่าน,Nan,north,P4-aeo,ระบบไฟฟ้า น่าน เป็น PEA หรือ MEA,informational,consideration,/solar-carport/nan,utility_official_source,medium,unmeasured
province,narathiwat,นราธิวาส,Narathiwat,south,P1-core,ติดตั้งโซลาร์เซลล์นราธิวาส,commercial,consideration,/solar-carport/narathiwat,site_survey_quote,high,unmeasured
province,narathiwat,นราธิวาส,Narathiwat,south,P1-core,โซลาร์เซลล์นราธิวาส,commercial,consideration,/solar-carport/narathiwat,none,high,unmeasured
province,narathiwat,นราธิวาส,Narathiwat,south,P1-core,โซลาร์คาร์พอร์ตนราธิวาส,commercial,consideration,/solar-carport/narathiwat,none,high,unmeasured
province,narathiwat,นราธิวาส,Narathiwat,south,P1-core,solar cell Narathiwat,commercial,consideration,/solar-carport/narathiwat,none,medium,unmeasured
province,narathiwat,นราธิวาส,Narathiwat,south,P1-core,บริษัทรับติดตั้งโซลาร์เซลล์นราธิวาส,commercial,consideration,/solar-carport/narathiwat,legal_entity,medium,unmeasured
province,narathiwat,นราธิวาส,Narathiwat,south,P2-commercial,ราคาติดตั้งโซลาร์เซลล์นราธิวาส,transactional,decision,/solar-carport/narathiwat,site_survey_quote,high,unmeasured
province,narathiwat,นราธิวาส,Narathiwat,south,P2-commercial,ราคาโซลาร์เซลล์นราธิวาส,transactional,decision,/solar-carport/narathiwat,site_survey_quote,high,unmeasured
province,narathiwat,นราธิวาส,Narathiwat,south,P2-commercial,โซลาร์เซลล์โรงงานนราธิวาส,commercial,consideration,/solar-carport/narathiwat/factory,site_survey_quote,high,unmeasured
province,narathiwat,นราธิวาส,Narathiwat,south,P2-commercial,โซลาร์เซลล์โรงแรมนราธิวาส,commercial,consideration,/solar-carport/narathiwat/hotel,site_survey_quote,high,unmeasured
province,narathiwat,นราธิวาส,Narathiwat,south,P2-commercial,โซลาร์เซลล์อาคารพาณิชย์นราธิวาส,commercial,consideration,/solar-carport/narathiwat/commercial,site_survey_quote,medium,unmeasured
province,narathiwat,นราธิวาส,Narathiwat,south,P2-commercial,ช่างโซลาร์นราธิวาส,commercial,consideration,/contact,certified_claims_review,low,unmeasured
province,narathiwat,นราธิวาส,Narathiwat,south,P3-cluster,สถานีชาร์จรถยนต์ไฟฟ้านราธิวาส,commercial,consideration,/solar-carport/narathiwat/ev,site_survey_quote,medium,unmeasured
province,narathiwat,นราธิวาส,Narathiwat,south,P3-cluster,EV charger Narathiwat,commercial,consideration,/solar-carport/narathiwat/ev,site_survey_quote,medium,unmeasured
province,narathiwat,นราธิวาส,Narathiwat,south,P3-cluster,BESS นราธิวาส,commercial,consideration,/solar-carport/narathiwat/bess,site_survey_quote,medium,unmeasured
province,narathiwat,นราธิวาส,Narathiwat,south,P4-aeo,ติดตั้งโซลาร์เซลล์นราธิวาส คุ้มไหม,informational,awareness,/solar-carport/narathiwat,site_survey_quote,high,unmeasured
province,narathiwat,นราธิวาส,Narathiwat,south,P4-aeo,โซลาร์เซลล์นราธิวาส ราคาเท่าไหร่,informational,awareness,/solar-carport/narathiwat,site_survey_quote,high,unmeasured
province,narathiwat,นราธิวาส,Narathiwat,south,P4-aeo,โซลาร์เซลล์นราธิวาส คืนทุนกี่ปี,informational,awareness,/solar-carport/narathiwat,site_survey_quote,high,unmeasured
province,narathiwat,นราธิวาส,Narathiwat,south,P4-aeo,ขั้นตอนติดตั้งโซลาร์เซลล์นราธิวาส,informational,consideration,/solar-carport/narathiwat,permit_process_source,medium,unmeasured
province,narathiwat,นราธิวาส,Narathiwat,south,P4-aeo,ต้องขออนุญาตอะไรบ้าง นราธิวาส,informational,consideration,/solar-carport/narathiwat,permit_process_source,medium,unmeasured
province,narathiwat,นราธิวาส,Narathiwat,south,P4-aeo,Solar Carport ในนราธิวาส ต่างจาก Solar Rooftop อย่างไร,informational,awareness,/solar-carport/narathiwat,none,medium,unmeasured
province,narathiwat,นราธิวาส,Narathiwat,south,P4-aeo,บริษัทโซลาร์เซลล์นราธิวาส ที่ไหนดี,informational,consideration,/projects,review_source,low,unmeasured
province,narathiwat,นราธิวาส,Narathiwat,south,P4-aeo,ระบบไฟฟ้า นราธิวาส เป็น PEA หรือ MEA,informational,consideration,/solar-carport/narathiwat,utility_official_source,medium,unmeasured
province,nong-bua-lamphu,หนองบัวลำภู,Nong Bua Lamphu,northeast,P1-core,ติดตั้งโซลาร์เซลล์หนองบัวลำภู,commercial,consideration,/solar-carport/nong-bua-lamphu,site_survey_quote,high,unmeasured
province,nong-bua-lamphu,หนองบัวลำภู,Nong Bua Lamphu,northeast,P1-core,โซลาร์เซลล์หนองบัวลำภู,commercial,consideration,/solar-carport/nong-bua-lamphu,none,high,unmeasured
province,nong-bua-lamphu,หนองบัวลำภู,Nong Bua Lamphu,northeast,P1-core,โซลาร์คาร์พอร์ตหนองบัวลำภู,commercial,consideration,/solar-carport/nong-bua-lamphu,none,high,unmeasured
province,nong-bua-lamphu,หนองบัวลำภู,Nong Bua Lamphu,northeast,P1-core,solar cell Nong Bua Lamphu,commercial,consideration,/solar-carport/nong-bua-lamphu,none,medium,unmeasured
province,nong-bua-lamphu,หนองบัวลำภู,Nong Bua Lamphu,northeast,P1-core,บริษัทรับติดตั้งโซลาร์เซลล์หนองบัวลำภู,commercial,consideration,/solar-carport/nong-bua-lamphu,legal_entity,medium,unmeasured
province,nong-bua-lamphu,หนองบัวลำภู,Nong Bua Lamphu,northeast,P2-commercial,ราคาติดตั้งโซลาร์เซลล์หนองบัวลำภู,transactional,decision,/solar-carport/nong-bua-lamphu,site_survey_quote,high,unmeasured
province,nong-bua-lamphu,หนองบัวลำภู,Nong Bua Lamphu,northeast,P2-commercial,ราคาโซลาร์เซลล์หนองบัวลำภู,transactional,decision,/solar-carport/nong-bua-lamphu,site_survey_quote,high,unmeasured
province,nong-bua-lamphu,หนองบัวลำภู,Nong Bua Lamphu,northeast,P2-commercial,โซลาร์เซลล์โรงงานหนองบัวลำภู,commercial,consideration,/solar-carport/nong-bua-lamphu/factory,site_survey_quote,high,unmeasured
province,nong-bua-lamphu,หนองบัวลำภู,Nong Bua Lamphu,northeast,P2-commercial,โซลาร์เซลล์โรงแรมหนองบัวลำภู,commercial,consideration,/solar-carport/nong-bua-lamphu/hotel,site_survey_quote,high,unmeasured
province,nong-bua-lamphu,หนองบัวลำภู,Nong Bua Lamphu,northeast,P2-commercial,โซลาร์เซลล์อาคารพาณิชย์หนองบัวลำภู,commercial,consideration,/solar-carport/nong-bua-lamphu/commercial,site_survey_quote,medium,unmeasured
province,nong-bua-lamphu,หนองบัวลำภู,Nong Bua Lamphu,northeast,P2-commercial,ช่างโซลาร์หนองบัวลำภู,commercial,consideration,/contact,certified_claims_review,low,unmeasured
province,nong-bua-lamphu,หนองบัวลำภู,Nong Bua Lamphu,northeast,P3-cluster,สถานีชาร์จรถยนต์ไฟฟ้าหนองบัวลำภู,commercial,consideration,/solar-carport/nong-bua-lamphu/ev,site_survey_quote,medium,unmeasured
province,nong-bua-lamphu,หนองบัวลำภู,Nong Bua Lamphu,northeast,P3-cluster,EV charger Nong Bua Lamphu,commercial,consideration,/solar-carport/nong-bua-lamphu/ev,site_survey_quote,medium,unmeasured
province,nong-bua-lamphu,หนองบัวลำภู,Nong Bua Lamphu,northeast,P3-cluster,BESS หนองบัวลำภู,commercial,consideration,/solar-carport/nong-bua-lamphu/bess,site_survey_quote,medium,unmeasured
province,nong-bua-lamphu,หนองบัวลำภู,Nong Bua Lamphu,northeast,P4-aeo,ติดตั้งโซลาร์เซลล์หนองบัวลำภู คุ้มไหม,informational,awareness,/solar-carport/nong-bua-lamphu,site_survey_quote,high,unmeasured
province,nong-bua-lamphu,หนองบัวลำภู,Nong Bua Lamphu,northeast,P4-aeo,โซลาร์เซลล์หนองบัวลำภู ราคาเท่าไหร่,informational,awareness,/solar-carport/nong-bua-lamphu,site_survey_quote,high,unmeasured
province,nong-bua-lamphu,หนองบัวลำภู,Nong Bua Lamphu,northeast,P4-aeo,โซลาร์เซลล์หนองบัวลำภู คืนทุนกี่ปี,informational,awareness,/solar-carport/nong-bua-lamphu,site_survey_quote,high,unmeasured
province,nong-bua-lamphu,หนองบัวลำภู,Nong Bua Lamphu,northeast,P4-aeo,ขั้นตอนติดตั้งโซลาร์เซลล์หนองบัวลำภู,informational,consideration,/solar-carport/nong-bua-lamphu,permit_process_source,medium,unmeasured
province,nong-bua-lamphu,หนองบัวลำภู,Nong Bua Lamphu,northeast,P4-aeo,ต้องขออนุญาตอะไรบ้าง หนองบัวลำภู,informational,consideration,/solar-carport/nong-bua-lamphu,permit_process_source,medium,unmeasured
province,nong-bua-lamphu,หนองบัวลำภู,Nong Bua Lamphu,northeast,P4-aeo,Solar Carport ในหนองบัวลำภู ต่างจาก Solar Rooftop อย่างไร,informational,awareness,/solar-carport/nong-bua-lamphu,none,medium,unmeasured
province,nong-bua-lamphu,หนองบัวลำภู,Nong Bua Lamphu,northeast,P4-aeo,บริษัทโซลาร์เซลล์หนองบัวลำภู ที่ไหนดี,informational,consideration,/projects,review_source,low,unmeasured
province,nong-bua-lamphu,หนองบัวลำภู,Nong Bua Lamphu,northeast,P4-aeo,ระบบไฟฟ้า หนองบัวลำภู เป็น PEA หรือ MEA,informational,consideration,/solar-carport/nong-bua-lamphu,utility_official_source,medium,unmeasured
province,nong-khai,หนองคาย,Nong Khai,northeast,P1-core,ติดตั้งโซลาร์เซลล์หนองคาย,commercial,consideration,/solar-carport/nong-khai,site_survey_quote,high,unmeasured
province,nong-khai,หนองคาย,Nong Khai,northeast,P1-core,โซลาร์เซลล์หนองคาย,commercial,consideration,/solar-carport/nong-khai,none,high,unmeasured
province,nong-khai,หนองคาย,Nong Khai,northeast,P1-core,โซลาร์คาร์พอร์ตหนองคาย,commercial,consideration,/solar-carport/nong-khai,none,high,unmeasured
province,nong-khai,หนองคาย,Nong Khai,northeast,P1-core,solar cell Nong Khai,commercial,consideration,/solar-carport/nong-khai,none,medium,unmeasured
province,nong-khai,หนองคาย,Nong Khai,northeast,P1-core,บริษัทรับติดตั้งโซลาร์เซลล์หนองคาย,commercial,consideration,/solar-carport/nong-khai,legal_entity,medium,unmeasured
province,nong-khai,หนองคาย,Nong Khai,northeast,P2-commercial,ราคาติดตั้งโซลาร์เซลล์หนองคาย,transactional,decision,/solar-carport/nong-khai,site_survey_quote,high,unmeasured
province,nong-khai,หนองคาย,Nong Khai,northeast,P2-commercial,ราคาโซลาร์เซลล์หนองคาย,transactional,decision,/solar-carport/nong-khai,site_survey_quote,high,unmeasured
province,nong-khai,หนองคาย,Nong Khai,northeast,P2-commercial,โซลาร์เซลล์โรงงานหนองคาย,commercial,consideration,/solar-carport/nong-khai/factory,site_survey_quote,high,unmeasured
province,nong-khai,หนองคาย,Nong Khai,northeast,P2-commercial,โซลาร์เซลล์โรงแรมหนองคาย,commercial,consideration,/solar-carport/nong-khai/hotel,site_survey_quote,high,unmeasured
province,nong-khai,หนองคาย,Nong Khai,northeast,P2-commercial,โซลาร์เซลล์อาคารพาณิชย์หนองคาย,commercial,consideration,/solar-carport/nong-khai/commercial,site_survey_quote,medium,unmeasured
province,nong-khai,หนองคาย,Nong Khai,northeast,P2-commercial,ช่างโซลาร์หนองคาย,commercial,consideration,/contact,certified_claims_review,low,unmeasured
province,nong-khai,หนองคาย,Nong Khai,northeast,P3-cluster,สถานีชาร์จรถยนต์ไฟฟ้าหนองคาย,commercial,consideration,/solar-carport/nong-khai/ev,site_survey_quote,medium,unmeasured
province,nong-khai,หนองคาย,Nong Khai,northeast,P3-cluster,EV charger Nong Khai,commercial,consideration,/solar-carport/nong-khai/ev,site_survey_quote,medium,unmeasured
province,nong-khai,หนองคาย,Nong Khai,northeast,P3-cluster,BESS หนองคาย,commercial,consideration,/solar-carport/nong-khai/bess,site_survey_quote,medium,unmeasured
province,nong-khai,หนองคาย,Nong Khai,northeast,P4-aeo,ติดตั้งโซลาร์เซลล์หนองคาย คุ้มไหม,informational,awareness,/solar-carport/nong-khai,site_survey_quote,high,unmeasured
province,nong-khai,หนองคาย,Nong Khai,northeast,P4-aeo,โซลาร์เซลล์หนองคาย ราคาเท่าไหร่,informational,awareness,/solar-carport/nong-khai,site_survey_quote,high,unmeasured
province,nong-khai,หนองคาย,Nong Khai,northeast,P4-aeo,โซลาร์เซลล์หนองคาย คืนทุนกี่ปี,informational,awareness,/solar-carport/nong-khai,site_survey_quote,high,unmeasured
province,nong-khai,หนองคาย,Nong Khai,northeast,P4-aeo,ขั้นตอนติดตั้งโซลาร์เซลล์หนองคาย,informational,consideration,/solar-carport/nong-khai,permit_process_source,medium,unmeasured
province,nong-khai,หนองคาย,Nong Khai,northeast,P4-aeo,ต้องขออนุญาตอะไรบ้าง หนองคาย,informational,consideration,/solar-carport/nong-khai,permit_process_source,medium,unmeasured
province,nong-khai,หนองคาย,Nong Khai,northeast,P4-aeo,Solar Carport ในหนองคาย ต่างจาก Solar Rooftop อย่างไร,informational,awareness,/solar-carport/nong-khai,none,medium,unmeasured
province,nong-khai,หนองคาย,Nong Khai,northeast,P4-aeo,บริษัทโซลาร์เซลล์หนองคาย ที่ไหนดี,informational,consideration,/projects,review_source,low,unmeasured
province,nong-khai,หนองคาย,Nong Khai,northeast,P4-aeo,ระบบไฟฟ้า หนองคาย เป็น PEA หรือ MEA,informational,consideration,/solar-carport/nong-khai,utility_official_source,medium,unmeasured
province,nonthaburi,นนทบุรี,Nonthaburi,central,P1-core,ติดตั้งโซลาร์เซลล์นนทบุรี,commercial,consideration,/solar-carport/nonthaburi,site_survey_quote,high,unmeasured
province,nonthaburi,นนทบุรี,Nonthaburi,central,P1-core,โซลาร์เซลล์นนทบุรี,commercial,consideration,/solar-carport/nonthaburi,none,high,unmeasured
province,nonthaburi,นนทบุรี,Nonthaburi,central,P1-core,โซลาร์คาร์พอร์ตนนทบุรี,commercial,consideration,/solar-carport/nonthaburi,none,high,unmeasured
province,nonthaburi,นนทบุรี,Nonthaburi,central,P1-core,solar cell Nonthaburi,commercial,consideration,/solar-carport/nonthaburi,none,medium,unmeasured
province,nonthaburi,นนทบุรี,Nonthaburi,central,P1-core,บริษัทรับติดตั้งโซลาร์เซลล์นนทบุรี,commercial,consideration,/solar-carport/nonthaburi,legal_entity,medium,unmeasured
province,nonthaburi,นนทบุรี,Nonthaburi,central,P2-commercial,ราคาติดตั้งโซลาร์เซลล์นนทบุรี,transactional,decision,/solar-carport/nonthaburi,site_survey_quote,high,unmeasured
province,nonthaburi,นนทบุรี,Nonthaburi,central,P2-commercial,ราคาโซลาร์เซลล์นนทบุรี,transactional,decision,/solar-carport/nonthaburi,site_survey_quote,high,unmeasured
province,nonthaburi,นนทบุรี,Nonthaburi,central,P2-commercial,โซลาร์เซลล์โรงงานนนทบุรี,commercial,consideration,/solar-carport/nonthaburi/factory,site_survey_quote,high,unmeasured
province,nonthaburi,นนทบุรี,Nonthaburi,central,P2-commercial,โซลาร์เซลล์โรงแรมนนทบุรี,commercial,consideration,/solar-carport/nonthaburi/hotel,site_survey_quote,high,unmeasured
province,nonthaburi,นนทบุรี,Nonthaburi,central,P2-commercial,โซลาร์เซลล์อาคารพาณิชย์นนทบุรี,commercial,consideration,/solar-carport/nonthaburi/commercial,site_survey_quote,medium,unmeasured
province,nonthaburi,นนทบุรี,Nonthaburi,central,P2-commercial,ช่างโซลาร์นนทบุรี,commercial,consideration,/contact,certified_claims_review,low,unmeasured
province,nonthaburi,นนทบุรี,Nonthaburi,central,P3-cluster,สถานีชาร์จรถยนต์ไฟฟ้านนทบุรี,commercial,consideration,/solar-carport/nonthaburi/ev,site_survey_quote,medium,unmeasured
province,nonthaburi,นนทบุรี,Nonthaburi,central,P3-cluster,EV charger Nonthaburi,commercial,consideration,/solar-carport/nonthaburi/ev,site_survey_quote,medium,unmeasured
province,nonthaburi,นนทบุรี,Nonthaburi,central,P3-cluster,BESS นนทบุรี,commercial,consideration,/solar-carport/nonthaburi/bess,site_survey_quote,medium,unmeasured
province,nonthaburi,นนทบุรี,Nonthaburi,central,P4-aeo,ติดตั้งโซลาร์เซลล์นนทบุรี คุ้มไหม,informational,awareness,/solar-carport/nonthaburi,site_survey_quote,high,unmeasured
province,nonthaburi,นนทบุรี,Nonthaburi,central,P4-aeo,โซลาร์เซลล์นนทบุรี ราคาเท่าไหร่,informational,awareness,/solar-carport/nonthaburi,site_survey_quote,high,unmeasured
province,nonthaburi,นนทบุรี,Nonthaburi,central,P4-aeo,โซลาร์เซลล์นนทบุรี คืนทุนกี่ปี,informational,awareness,/solar-carport/nonthaburi,site_survey_quote,high,unmeasured
province,nonthaburi,นนทบุรี,Nonthaburi,central,P4-aeo,ขั้นตอนติดตั้งโซลาร์เซลล์นนทบุรี,informational,consideration,/solar-carport/nonthaburi,permit_process_source,medium,unmeasured
province,nonthaburi,นนทบุรี,Nonthaburi,central,P4-aeo,ต้องขออนุญาตอะไรบ้าง นนทบุรี,informational,consideration,/solar-carport/nonthaburi,permit_process_source,medium,unmeasured
province,nonthaburi,นนทบุรี,Nonthaburi,central,P4-aeo,Solar Carport ในนนทบุรี ต่างจาก Solar Rooftop อย่างไร,informational,awareness,/solar-carport/nonthaburi,none,medium,unmeasured
province,nonthaburi,นนทบุรี,Nonthaburi,central,P4-aeo,บริษัทโซลาร์เซลล์นนทบุรี ที่ไหนดี,informational,consideration,/projects,review_source,low,unmeasured
province,nonthaburi,นนทบุรี,Nonthaburi,central,P4-aeo,ระบบไฟฟ้า นนทบุรี เป็น PEA หรือ MEA,informational,consideration,/solar-carport/nonthaburi,utility_official_source,medium,unmeasured
province,pathum-thani,ปทุมธานี,Pathum Thani,central,P1-core,ติดตั้งโซลาร์เซลล์ปทุมธานี,commercial,consideration,/solar-carport/pathum-thani,site_survey_quote,high,unmeasured
province,pathum-thani,ปทุมธานี,Pathum Thani,central,P1-core,โซลาร์เซลล์ปทุมธานี,commercial,consideration,/solar-carport/pathum-thani,none,high,unmeasured
province,pathum-thani,ปทุมธานี,Pathum Thani,central,P1-core,โซลาร์คาร์พอร์ตปทุมธานี,commercial,consideration,/solar-carport/pathum-thani,none,high,unmeasured
province,pathum-thani,ปทุมธานี,Pathum Thani,central,P1-core,solar cell Pathum Thani,commercial,consideration,/solar-carport/pathum-thani,none,medium,unmeasured
province,pathum-thani,ปทุมธานี,Pathum Thani,central,P1-core,บริษัทรับติดตั้งโซลาร์เซลล์ปทุมธานี,commercial,consideration,/solar-carport/pathum-thani,legal_entity,medium,unmeasured
province,pathum-thani,ปทุมธานี,Pathum Thani,central,P2-commercial,ราคาติดตั้งโซลาร์เซลล์ปทุมธานี,transactional,decision,/solar-carport/pathum-thani,site_survey_quote,high,unmeasured
province,pathum-thani,ปทุมธานี,Pathum Thani,central,P2-commercial,ราคาโซลาร์เซลล์ปทุมธานี,transactional,decision,/solar-carport/pathum-thani,site_survey_quote,high,unmeasured
province,pathum-thani,ปทุมธานี,Pathum Thani,central,P2-commercial,โซลาร์เซลล์โรงงานปทุมธานี,commercial,consideration,/solar-carport/pathum-thani/factory,site_survey_quote,high,unmeasured
province,pathum-thani,ปทุมธานี,Pathum Thani,central,P2-commercial,โซลาร์เซลล์โรงแรมปทุมธานี,commercial,consideration,/solar-carport/pathum-thani/hotel,site_survey_quote,high,unmeasured
province,pathum-thani,ปทุมธานี,Pathum Thani,central,P2-commercial,โซลาร์เซลล์อาคารพาณิชย์ปทุมธานี,commercial,consideration,/solar-carport/pathum-thani/commercial,site_survey_quote,medium,unmeasured
province,pathum-thani,ปทุมธานี,Pathum Thani,central,P2-commercial,ช่างโซลาร์ปทุมธานี,commercial,consideration,/contact,certified_claims_review,low,unmeasured
province,pathum-thani,ปทุมธานี,Pathum Thani,central,P3-cluster,สถานีชาร์จรถยนต์ไฟฟ้าปทุมธานี,commercial,consideration,/solar-carport/pathum-thani/ev,site_survey_quote,medium,unmeasured
province,pathum-thani,ปทุมธานี,Pathum Thani,central,P3-cluster,EV charger Pathum Thani,commercial,consideration,/solar-carport/pathum-thani/ev,site_survey_quote,medium,unmeasured
province,pathum-thani,ปทุมธานี,Pathum Thani,central,P3-cluster,BESS ปทุมธานี,commercial,consideration,/solar-carport/pathum-thani/bess,site_survey_quote,medium,unmeasured
province,pathum-thani,ปทุมธานี,Pathum Thani,central,P4-aeo,ติดตั้งโซลาร์เซลล์ปทุมธานี คุ้มไหม,informational,awareness,/solar-carport/pathum-thani,site_survey_quote,high,unmeasured
province,pathum-thani,ปทุมธานี,Pathum Thani,central,P4-aeo,โซลาร์เซลล์ปทุมธานี ราคาเท่าไหร่,informational,awareness,/solar-carport/pathum-thani,site_survey_quote,high,unmeasured
province,pathum-thani,ปทุมธานี,Pathum Thani,central,P4-aeo,โซลาร์เซลล์ปทุมธานี คืนทุนกี่ปี,informational,awareness,/solar-carport/pathum-thani,site_survey_quote,high,unmeasured
province,pathum-thani,ปทุมธานี,Pathum Thani,central,P4-aeo,ขั้นตอนติดตั้งโซลาร์เซลล์ปทุมธานี,informational,consideration,/solar-carport/pathum-thani,permit_process_source,medium,unmeasured
province,pathum-thani,ปทุมธานี,Pathum Thani,central,P4-aeo,ต้องขออนุญาตอะไรบ้าง ปทุมธานี,informational,consideration,/solar-carport/pathum-thani,permit_process_source,medium,unmeasured
province,pathum-thani,ปทุมธานี,Pathum Thani,central,P4-aeo,Solar Carport ในปทุมธานี ต่างจาก Solar Rooftop อย่างไร,informational,awareness,/solar-carport/pathum-thani,none,medium,unmeasured
province,pathum-thani,ปทุมธานี,Pathum Thani,central,P4-aeo,บริษัทโซลาร์เซลล์ปทุมธานี ที่ไหนดี,informational,consideration,/projects,review_source,low,unmeasured
province,pathum-thani,ปทุมธานี,Pathum Thani,central,P4-aeo,ระบบไฟฟ้า ปทุมธานี เป็น PEA หรือ MEA,informational,consideration,/solar-carport/pathum-thani,utility_official_source,medium,unmeasured
province,pattani,ปัตตานี,Pattani,south,P1-core,ติดตั้งโซลาร์เซลล์ปัตตานี,commercial,consideration,/solar-carport/pattani,site_survey_quote,high,unmeasured
province,pattani,ปัตตานี,Pattani,south,P1-core,โซลาร์เซลล์ปัตตานี,commercial,consideration,/solar-carport/pattani,none,high,unmeasured
province,pattani,ปัตตานี,Pattani,south,P1-core,โซลาร์คาร์พอร์ตปัตตานี,commercial,consideration,/solar-carport/pattani,none,high,unmeasured
province,pattani,ปัตตานี,Pattani,south,P1-core,solar cell Pattani,commercial,consideration,/solar-carport/pattani,none,medium,unmeasured
province,pattani,ปัตตานี,Pattani,south,P1-core,บริษัทรับติดตั้งโซลาร์เซลล์ปัตตานี,commercial,consideration,/solar-carport/pattani,legal_entity,medium,unmeasured
province,pattani,ปัตตานี,Pattani,south,P2-commercial,ราคาติดตั้งโซลาร์เซลล์ปัตตานี,transactional,decision,/solar-carport/pattani,site_survey_quote,high,unmeasured
province,pattani,ปัตตานี,Pattani,south,P2-commercial,ราคาโซลาร์เซลล์ปัตตานี,transactional,decision,/solar-carport/pattani,site_survey_quote,high,unmeasured
province,pattani,ปัตตานี,Pattani,south,P2-commercial,โซลาร์เซลล์โรงงานปัตตานี,commercial,consideration,/solar-carport/pattani/factory,site_survey_quote,high,unmeasured
province,pattani,ปัตตานี,Pattani,south,P2-commercial,โซลาร์เซลล์โรงแรมปัตตานี,commercial,consideration,/solar-carport/pattani/hotel,site_survey_quote,high,unmeasured
province,pattani,ปัตตานี,Pattani,south,P2-commercial,โซลาร์เซลล์อาคารพาณิชย์ปัตตานี,commercial,consideration,/solar-carport/pattani/commercial,site_survey_quote,medium,unmeasured
province,pattani,ปัตตานี,Pattani,south,P2-commercial,ช่างโซลาร์ปัตตานี,commercial,consideration,/contact,certified_claims_review,low,unmeasured
province,pattani,ปัตตานี,Pattani,south,P3-cluster,สถานีชาร์จรถยนต์ไฟฟ้าปัตตานี,commercial,consideration,/solar-carport/pattani/ev,site_survey_quote,medium,unmeasured
province,pattani,ปัตตานี,Pattani,south,P3-cluster,EV charger Pattani,commercial,consideration,/solar-carport/pattani/ev,site_survey_quote,medium,unmeasured
province,pattani,ปัตตานี,Pattani,south,P3-cluster,BESS ปัตตานี,commercial,consideration,/solar-carport/pattani/bess,site_survey_quote,medium,unmeasured
province,pattani,ปัตตานี,Pattani,south,P4-aeo,ติดตั้งโซลาร์เซลล์ปัตตานี คุ้มไหม,informational,awareness,/solar-carport/pattani,site_survey_quote,high,unmeasured
province,pattani,ปัตตานี,Pattani,south,P4-aeo,โซลาร์เซลล์ปัตตานี ราคาเท่าไหร่,informational,awareness,/solar-carport/pattani,site_survey_quote,high,unmeasured
province,pattani,ปัตตานี,Pattani,south,P4-aeo,โซลาร์เซลล์ปัตตานี คืนทุนกี่ปี,informational,awareness,/solar-carport/pattani,site_survey_quote,high,unmeasured
province,pattani,ปัตตานี,Pattani,south,P4-aeo,ขั้นตอนติดตั้งโซลาร์เซลล์ปัตตานี,informational,consideration,/solar-carport/pattani,permit_process_source,medium,unmeasured
province,pattani,ปัตตานี,Pattani,south,P4-aeo,ต้องขออนุญาตอะไรบ้าง ปัตตานี,informational,consideration,/solar-carport/pattani,permit_process_source,medium,unmeasured
province,pattani,ปัตตานี,Pattani,south,P4-aeo,Solar Carport ในปัตตานี ต่างจาก Solar Rooftop อย่างไร,informational,awareness,/solar-carport/pattani,none,medium,unmeasured
province,pattani,ปัตตานี,Pattani,south,P4-aeo,บริษัทโซลาร์เซลล์ปัตตานี ที่ไหนดี,informational,consideration,/projects,review_source,low,unmeasured
province,pattani,ปัตตานี,Pattani,south,P4-aeo,ระบบไฟฟ้า ปัตตานี เป็น PEA หรือ MEA,informational,consideration,/solar-carport/pattani,utility_official_source,medium,unmeasured
province,phang-nga,พังงา,Phang Nga,south,P1-core,ติดตั้งโซลาร์เซลล์พังงา,commercial,consideration,/solar-carport/phang-nga,site_survey_quote,high,unmeasured
province,phang-nga,พังงา,Phang Nga,south,P1-core,โซลาร์เซลล์พังงา,commercial,consideration,/solar-carport/phang-nga,none,high,unmeasured
province,phang-nga,พังงา,Phang Nga,south,P1-core,โซลาร์คาร์พอร์ตพังงา,commercial,consideration,/solar-carport/phang-nga,none,high,unmeasured
province,phang-nga,พังงา,Phang Nga,south,P1-core,solar cell Phang Nga,commercial,consideration,/solar-carport/phang-nga,none,medium,unmeasured
province,phang-nga,พังงา,Phang Nga,south,P1-core,บริษัทรับติดตั้งโซลาร์เซลล์พังงา,commercial,consideration,/solar-carport/phang-nga,legal_entity,medium,unmeasured
province,phang-nga,พังงา,Phang Nga,south,P2-commercial,ราคาติดตั้งโซลาร์เซลล์พังงา,transactional,decision,/solar-carport/phang-nga,site_survey_quote,high,unmeasured
province,phang-nga,พังงา,Phang Nga,south,P2-commercial,ราคาโซลาร์เซลล์พังงา,transactional,decision,/solar-carport/phang-nga,site_survey_quote,high,unmeasured
province,phang-nga,พังงา,Phang Nga,south,P2-commercial,โซลาร์เซลล์โรงงานพังงา,commercial,consideration,/solar-carport/phang-nga/factory,site_survey_quote,high,unmeasured
province,phang-nga,พังงา,Phang Nga,south,P2-commercial,โซลาร์เซลล์โรงแรมพังงา,commercial,consideration,/solar-carport/phang-nga/hotel,site_survey_quote,high,unmeasured
province,phang-nga,พังงา,Phang Nga,south,P2-commercial,โซลาร์เซลล์อาคารพาณิชย์พังงา,commercial,consideration,/solar-carport/phang-nga/commercial,site_survey_quote,medium,unmeasured
province,phang-nga,พังงา,Phang Nga,south,P2-commercial,ช่างโซลาร์พังงา,commercial,consideration,/contact,certified_claims_review,low,unmeasured
province,phang-nga,พังงา,Phang Nga,south,P3-cluster,สถานีชาร์จรถยนต์ไฟฟ้าพังงา,commercial,consideration,/solar-carport/phang-nga/ev,site_survey_quote,medium,unmeasured
province,phang-nga,พังงา,Phang Nga,south,P3-cluster,EV charger Phang Nga,commercial,consideration,/solar-carport/phang-nga/ev,site_survey_quote,medium,unmeasured
province,phang-nga,พังงา,Phang Nga,south,P3-cluster,BESS พังงา,commercial,consideration,/solar-carport/phang-nga/bess,site_survey_quote,medium,unmeasured
province,phang-nga,พังงา,Phang Nga,south,P4-aeo,ติดตั้งโซลาร์เซลล์พังงา คุ้มไหม,informational,awareness,/solar-carport/phang-nga,site_survey_quote,high,unmeasured
province,phang-nga,พังงา,Phang Nga,south,P4-aeo,โซลาร์เซลล์พังงา ราคาเท่าไหร่,informational,awareness,/solar-carport/phang-nga,site_survey_quote,high,unmeasured
province,phang-nga,พังงา,Phang Nga,south,P4-aeo,โซลาร์เซลล์พังงา คืนทุนกี่ปี,informational,awareness,/solar-carport/phang-nga,site_survey_quote,high,unmeasured
province,phang-nga,พังงา,Phang Nga,south,P4-aeo,ขั้นตอนติดตั้งโซลาร์เซลล์พังงา,informational,consideration,/solar-carport/phang-nga,permit_process_source,medium,unmeasured
province,phang-nga,พังงา,Phang Nga,south,P4-aeo,ต้องขออนุญาตอะไรบ้าง พังงา,informational,consideration,/solar-carport/phang-nga,permit_process_source,medium,unmeasured
province,phang-nga,พังงา,Phang Nga,south,P4-aeo,Solar Carport ในพังงา ต่างจาก Solar Rooftop อย่างไร,informational,awareness,/solar-carport/phang-nga,none,medium,unmeasured
province,phang-nga,พังงา,Phang Nga,south,P4-aeo,บริษัทโซลาร์เซลล์พังงา ที่ไหนดี,informational,consideration,/projects,review_source,low,unmeasured
province,phang-nga,พังงา,Phang Nga,south,P4-aeo,ระบบไฟฟ้า พังงา เป็น PEA หรือ MEA,informational,consideration,/solar-carport/phang-nga,utility_official_source,medium,unmeasured
province,phatthalung,พัทลุง,Phatthalung,south,P1-core,ติดตั้งโซลาร์เซลล์พัทลุง,commercial,consideration,/solar-carport/phatthalung,site_survey_quote,high,unmeasured
province,phatthalung,พัทลุง,Phatthalung,south,P1-core,โซลาร์เซลล์พัทลุง,commercial,consideration,/solar-carport/phatthalung,none,high,unmeasured
province,phatthalung,พัทลุง,Phatthalung,south,P1-core,โซลาร์คาร์พอร์ตพัทลุง,commercial,consideration,/solar-carport/phatthalung,none,high,unmeasured
province,phatthalung,พัทลุง,Phatthalung,south,P1-core,solar cell Phatthalung,commercial,consideration,/solar-carport/phatthalung,none,medium,unmeasured
province,phatthalung,พัทลุง,Phatthalung,south,P1-core,บริษัทรับติดตั้งโซลาร์เซลล์พัทลุง,commercial,consideration,/solar-carport/phatthalung,legal_entity,medium,unmeasured
province,phatthalung,พัทลุง,Phatthalung,south,P2-commercial,ราคาติดตั้งโซลาร์เซลล์พัทลุง,transactional,decision,/solar-carport/phatthalung,site_survey_quote,high,unmeasured
province,phatthalung,พัทลุง,Phatthalung,south,P2-commercial,ราคาโซลาร์เซลล์พัทลุง,transactional,decision,/solar-carport/phatthalung,site_survey_quote,high,unmeasured
province,phatthalung,พัทลุง,Phatthalung,south,P2-commercial,โซลาร์เซลล์โรงงานพัทลุง,commercial,consideration,/solar-carport/phatthalung/factory,site_survey_quote,high,unmeasured
province,phatthalung,พัทลุง,Phatthalung,south,P2-commercial,โซลาร์เซลล์โรงแรมพัทลุง,commercial,consideration,/solar-carport/phatthalung/hotel,site_survey_quote,high,unmeasured
province,phatthalung,พัทลุง,Phatthalung,south,P2-commercial,โซลาร์เซลล์อาคารพาณิชย์พัทลุง,commercial,consideration,/solar-carport/phatthalung/commercial,site_survey_quote,medium,unmeasured
province,phatthalung,พัทลุง,Phatthalung,south,P2-commercial,ช่างโซลาร์พัทลุง,commercial,consideration,/contact,certified_claims_review,low,unmeasured
province,phatthalung,พัทลุง,Phatthalung,south,P3-cluster,สถานีชาร์จรถยนต์ไฟฟ้าพัทลุง,commercial,consideration,/solar-carport/phatthalung/ev,site_survey_quote,medium,unmeasured
province,phatthalung,พัทลุง,Phatthalung,south,P3-cluster,EV charger Phatthalung,commercial,consideration,/solar-carport/phatthalung/ev,site_survey_quote,medium,unmeasured
province,phatthalung,พัทลุง,Phatthalung,south,P3-cluster,BESS พัทลุง,commercial,consideration,/solar-carport/phatthalung/bess,site_survey_quote,medium,unmeasured
province,phatthalung,พัทลุง,Phatthalung,south,P4-aeo,ติดตั้งโซลาร์เซลล์พัทลุง คุ้มไหม,informational,awareness,/solar-carport/phatthalung,site_survey_quote,high,unmeasured
province,phatthalung,พัทลุง,Phatthalung,south,P4-aeo,โซลาร์เซลล์พัทลุง ราคาเท่าไหร่,informational,awareness,/solar-carport/phatthalung,site_survey_quote,high,unmeasured
province,phatthalung,พัทลุง,Phatthalung,south,P4-aeo,โซลาร์เซลล์พัทลุง คืนทุนกี่ปี,informational,awareness,/solar-carport/phatthalung,site_survey_quote,high,unmeasured
province,phatthalung,พัทลุง,Phatthalung,south,P4-aeo,ขั้นตอนติดตั้งโซลาร์เซลล์พัทลุง,informational,consideration,/solar-carport/phatthalung,permit_process_source,medium,unmeasured
province,phatthalung,พัทลุง,Phatthalung,south,P4-aeo,ต้องขออนุญาตอะไรบ้าง พัทลุง,informational,consideration,/solar-carport/phatthalung,permit_process_source,medium,unmeasured
province,phatthalung,พัทลุง,Phatthalung,south,P4-aeo,Solar Carport ในพัทลุง ต่างจาก Solar Rooftop อย่างไร,informational,awareness,/solar-carport/phatthalung,none,medium,unmeasured
province,phatthalung,พัทลุง,Phatthalung,south,P4-aeo,บริษัทโซลาร์เซลล์พัทลุง ที่ไหนดี,informational,consideration,/projects,review_source,low,unmeasured
province,phatthalung,พัทลุง,Phatthalung,south,P4-aeo,ระบบไฟฟ้า พัทลุง เป็น PEA หรือ MEA,informational,consideration,/solar-carport/phatthalung,utility_official_source,medium,unmeasured
province,phayao,พะเยา,Phayao,north,P1-core,ติดตั้งโซลาร์เซลล์พะเยา,commercial,consideration,/solar-carport/phayao,site_survey_quote,high,unmeasured
province,phayao,พะเยา,Phayao,north,P1-core,โซลาร์เซลล์พะเยา,commercial,consideration,/solar-carport/phayao,none,high,unmeasured
province,phayao,พะเยา,Phayao,north,P1-core,โซลาร์คาร์พอร์ตพะเยา,commercial,consideration,/solar-carport/phayao,none,high,unmeasured
province,phayao,พะเยา,Phayao,north,P1-core,solar cell Phayao,commercial,consideration,/solar-carport/phayao,none,medium,unmeasured
province,phayao,พะเยา,Phayao,north,P1-core,บริษัทรับติดตั้งโซลาร์เซลล์พะเยา,commercial,consideration,/solar-carport/phayao,legal_entity,medium,unmeasured
province,phayao,พะเยา,Phayao,north,P2-commercial,ราคาติดตั้งโซลาร์เซลล์พะเยา,transactional,decision,/solar-carport/phayao,site_survey_quote,high,unmeasured
province,phayao,พะเยา,Phayao,north,P2-commercial,ราคาโซลาร์เซลล์พะเยา,transactional,decision,/solar-carport/phayao,site_survey_quote,high,unmeasured
province,phayao,พะเยา,Phayao,north,P2-commercial,โซลาร์เซลล์โรงงานพะเยา,commercial,consideration,/solar-carport/phayao/factory,site_survey_quote,high,unmeasured
province,phayao,พะเยา,Phayao,north,P2-commercial,โซลาร์เซลล์โรงแรมพะเยา,commercial,consideration,/solar-carport/phayao/hotel,site_survey_quote,high,unmeasured
province,phayao,พะเยา,Phayao,north,P2-commercial,โซลาร์เซลล์อาคารพาณิชย์พะเยา,commercial,consideration,/solar-carport/phayao/commercial,site_survey_quote,medium,unmeasured
province,phayao,พะเยา,Phayao,north,P2-commercial,ช่างโซลาร์พะเยา,commercial,consideration,/contact,certified_claims_review,low,unmeasured
province,phayao,พะเยา,Phayao,north,P3-cluster,สถานีชาร์จรถยนต์ไฟฟ้าพะเยา,commercial,consideration,/solar-carport/phayao/ev,site_survey_quote,medium,unmeasured
province,phayao,พะเยา,Phayao,north,P3-cluster,EV charger Phayao,commercial,consideration,/solar-carport/phayao/ev,site_survey_quote,medium,unmeasured
province,phayao,พะเยา,Phayao,north,P3-cluster,BESS พะเยา,commercial,consideration,/solar-carport/phayao/bess,site_survey_quote,medium,unmeasured
province,phayao,พะเยา,Phayao,north,P4-aeo,ติดตั้งโซลาร์เซลล์พะเยา คุ้มไหม,informational,awareness,/solar-carport/phayao,site_survey_quote,high,unmeasured
province,phayao,พะเยา,Phayao,north,P4-aeo,โซลาร์เซลล์พะเยา ราคาเท่าไหร่,informational,awareness,/solar-carport/phayao,site_survey_quote,high,unmeasured
province,phayao,พะเยา,Phayao,north,P4-aeo,โซลาร์เซลล์พะเยา คืนทุนกี่ปี,informational,awareness,/solar-carport/phayao,site_survey_quote,high,unmeasured
province,phayao,พะเยา,Phayao,north,P4-aeo,ขั้นตอนติดตั้งโซลาร์เซลล์พะเยา,informational,consideration,/solar-carport/phayao,permit_process_source,medium,unmeasured
province,phayao,พะเยา,Phayao,north,P4-aeo,ต้องขออนุญาตอะไรบ้าง พะเยา,informational,consideration,/solar-carport/phayao,permit_process_source,medium,unmeasured
province,phayao,พะเยา,Phayao,north,P4-aeo,Solar Carport ในพะเยา ต่างจาก Solar Rooftop อย่างไร,informational,awareness,/solar-carport/phayao,none,medium,unmeasured
province,phayao,พะเยา,Phayao,north,P4-aeo,บริษัทโซลาร์เซลล์พะเยา ที่ไหนดี,informational,consideration,/projects,review_source,low,unmeasured
province,phayao,พะเยา,Phayao,north,P4-aeo,ระบบไฟฟ้า พะเยา เป็น PEA หรือ MEA,informational,consideration,/solar-carport/phayao,utility_official_source,medium,unmeasured
province,phetchabun,เพชรบูรณ์,Phetchabun,north,P1-core,ติดตั้งโซลาร์เซลล์เพชรบูรณ์,commercial,consideration,/solar-carport/phetchabun,site_survey_quote,high,unmeasured
province,phetchabun,เพชรบูรณ์,Phetchabun,north,P1-core,โซลาร์เซลล์เพชรบูรณ์,commercial,consideration,/solar-carport/phetchabun,none,high,unmeasured
province,phetchabun,เพชรบูรณ์,Phetchabun,north,P1-core,โซลาร์คาร์พอร์ตเพชรบูรณ์,commercial,consideration,/solar-carport/phetchabun,none,high,unmeasured
province,phetchabun,เพชรบูรณ์,Phetchabun,north,P1-core,solar cell Phetchabun,commercial,consideration,/solar-carport/phetchabun,none,medium,unmeasured
province,phetchabun,เพชรบูรณ์,Phetchabun,north,P1-core,บริษัทรับติดตั้งโซลาร์เซลล์เพชรบูรณ์,commercial,consideration,/solar-carport/phetchabun,legal_entity,medium,unmeasured
province,phetchabun,เพชรบูรณ์,Phetchabun,north,P2-commercial,ราคาติดตั้งโซลาร์เซลล์เพชรบูรณ์,transactional,decision,/solar-carport/phetchabun,site_survey_quote,high,unmeasured
province,phetchabun,เพชรบูรณ์,Phetchabun,north,P2-commercial,ราคาโซลาร์เซลล์เพชรบูรณ์,transactional,decision,/solar-carport/phetchabun,site_survey_quote,high,unmeasured
province,phetchabun,เพชรบูรณ์,Phetchabun,north,P2-commercial,โซลาร์เซลล์โรงงานเพชรบูรณ์,commercial,consideration,/solar-carport/phetchabun/factory,site_survey_quote,high,unmeasured
province,phetchabun,เพชรบูรณ์,Phetchabun,north,P2-commercial,โซลาร์เซลล์โรงแรมเพชรบูรณ์,commercial,consideration,/solar-carport/phetchabun/hotel,site_survey_quote,high,unmeasured
province,phetchabun,เพชรบูรณ์,Phetchabun,north,P2-commercial,โซลาร์เซลล์อาคารพาณิชย์เพชรบูรณ์,commercial,consideration,/solar-carport/phetchabun/commercial,site_survey_quote,medium,unmeasured
province,phetchabun,เพชรบูรณ์,Phetchabun,north,P2-commercial,ช่างโซลาร์เพชรบูรณ์,commercial,consideration,/contact,certified_claims_review,low,unmeasured
province,phetchabun,เพชรบูรณ์,Phetchabun,north,P3-cluster,สถานีชาร์จรถยนต์ไฟฟ้าเพชรบูรณ์,commercial,consideration,/solar-carport/phetchabun/ev,site_survey_quote,medium,unmeasured
province,phetchabun,เพชรบูรณ์,Phetchabun,north,P3-cluster,EV charger Phetchabun,commercial,consideration,/solar-carport/phetchabun/ev,site_survey_quote,medium,unmeasured
province,phetchabun,เพชรบูรณ์,Phetchabun,north,P3-cluster,BESS เพชรบูรณ์,commercial,consideration,/solar-carport/phetchabun/bess,site_survey_quote,medium,unmeasured
province,phetchabun,เพชรบูรณ์,Phetchabun,north,P4-aeo,ติดตั้งโซลาร์เซลล์เพชรบูรณ์ คุ้มไหม,informational,awareness,/solar-carport/phetchabun,site_survey_quote,high,unmeasured
province,phetchabun,เพชรบูรณ์,Phetchabun,north,P4-aeo,โซลาร์เซลล์เพชรบูรณ์ ราคาเท่าไหร่,informational,awareness,/solar-carport/phetchabun,site_survey_quote,high,unmeasured
province,phetchabun,เพชรบูรณ์,Phetchabun,north,P4-aeo,โซลาร์เซลล์เพชรบูรณ์ คืนทุนกี่ปี,informational,awareness,/solar-carport/phetchabun,site_survey_quote,high,unmeasured
province,phetchabun,เพชรบูรณ์,Phetchabun,north,P4-aeo,ขั้นตอนติดตั้งโซลาร์เซลล์เพชรบูรณ์,informational,consideration,/solar-carport/phetchabun,permit_process_source,medium,unmeasured
province,phetchabun,เพชรบูรณ์,Phetchabun,north,P4-aeo,ต้องขออนุญาตอะไรบ้าง เพชรบูรณ์,informational,consideration,/solar-carport/phetchabun,permit_process_source,medium,unmeasured
province,phetchabun,เพชรบูรณ์,Phetchabun,north,P4-aeo,Solar Carport ในเพชรบูรณ์ ต่างจาก Solar Rooftop อย่างไร,informational,awareness,/solar-carport/phetchabun,none,medium,unmeasured
province,phetchabun,เพชรบูรณ์,Phetchabun,north,P4-aeo,บริษัทโซลาร์เซลล์เพชรบูรณ์ ที่ไหนดี,informational,consideration,/projects,review_source,low,unmeasured
province,phetchabun,เพชรบูรณ์,Phetchabun,north,P4-aeo,ระบบไฟฟ้า เพชรบูรณ์ เป็น PEA หรือ MEA,informational,consideration,/solar-carport/phetchabun,utility_official_source,medium,unmeasured
province,phetchaburi,เพชรบุรี,Phetchaburi,west,P1-core,ติดตั้งโซลาร์เซลล์เพชรบุรี,commercial,consideration,/solar-carport/phetchaburi,site_survey_quote,high,unmeasured
province,phetchaburi,เพชรบุรี,Phetchaburi,west,P1-core,โซลาร์เซลล์เพชรบุรี,commercial,consideration,/solar-carport/phetchaburi,none,high,unmeasured
province,phetchaburi,เพชรบุรี,Phetchaburi,west,P1-core,โซลาร์คาร์พอร์ตเพชรบุรี,commercial,consideration,/solar-carport/phetchaburi,none,high,unmeasured
province,phetchaburi,เพชรบุรี,Phetchaburi,west,P1-core,solar cell Phetchaburi,commercial,consideration,/solar-carport/phetchaburi,none,medium,unmeasured
province,phetchaburi,เพชรบุรี,Phetchaburi,west,P1-core,บริษัทรับติดตั้งโซลาร์เซลล์เพชรบุรี,commercial,consideration,/solar-carport/phetchaburi,legal_entity,medium,unmeasured
province,phetchaburi,เพชรบุรี,Phetchaburi,west,P2-commercial,ราคาติดตั้งโซลาร์เซลล์เพชรบุรี,transactional,decision,/solar-carport/phetchaburi,site_survey_quote,high,unmeasured
province,phetchaburi,เพชรบุรี,Phetchaburi,west,P2-commercial,ราคาโซลาร์เซลล์เพชรบุรี,transactional,decision,/solar-carport/phetchaburi,site_survey_quote,high,unmeasured
province,phetchaburi,เพชรบุรี,Phetchaburi,west,P2-commercial,โซลาร์เซลล์โรงงานเพชรบุรี,commercial,consideration,/solar-carport/phetchaburi/factory,site_survey_quote,high,unmeasured
province,phetchaburi,เพชรบุรี,Phetchaburi,west,P2-commercial,โซลาร์เซลล์โรงแรมเพชรบุรี,commercial,consideration,/solar-carport/phetchaburi/hotel,site_survey_quote,high,unmeasured
province,phetchaburi,เพชรบุรี,Phetchaburi,west,P2-commercial,โซลาร์เซลล์อาคารพาณิชย์เพชรบุรี,commercial,consideration,/solar-carport/phetchaburi/commercial,site_survey_quote,medium,unmeasured
province,phetchaburi,เพชรบุรี,Phetchaburi,west,P2-commercial,ช่างโซลาร์เพชรบุรี,commercial,consideration,/contact,certified_claims_review,low,unmeasured
province,phetchaburi,เพชรบุรี,Phetchaburi,west,P3-cluster,สถานีชาร์จรถยนต์ไฟฟ้าเพชรบุรี,commercial,consideration,/solar-carport/phetchaburi/ev,site_survey_quote,medium,unmeasured
province,phetchaburi,เพชรบุรี,Phetchaburi,west,P3-cluster,EV charger Phetchaburi,commercial,consideration,/solar-carport/phetchaburi/ev,site_survey_quote,medium,unmeasured
province,phetchaburi,เพชรบุรี,Phetchaburi,west,P3-cluster,BESS เพชรบุรี,commercial,consideration,/solar-carport/phetchaburi/bess,site_survey_quote,medium,unmeasured
province,phetchaburi,เพชรบุรี,Phetchaburi,west,P4-aeo,ติดตั้งโซลาร์เซลล์เพชรบุรี คุ้มไหม,informational,awareness,/solar-carport/phetchaburi,site_survey_quote,high,unmeasured
province,phetchaburi,เพชรบุรี,Phetchaburi,west,P4-aeo,โซลาร์เซลล์เพชรบุรี ราคาเท่าไหร่,informational,awareness,/solar-carport/phetchaburi,site_survey_quote,high,unmeasured
province,phetchaburi,เพชรบุรี,Phetchaburi,west,P4-aeo,โซลาร์เซลล์เพชรบุรี คืนทุนกี่ปี,informational,awareness,/solar-carport/phetchaburi,site_survey_quote,high,unmeasured
province,phetchaburi,เพชรบุรี,Phetchaburi,west,P4-aeo,ขั้นตอนติดตั้งโซลาร์เซลล์เพชรบุรี,informational,consideration,/solar-carport/phetchaburi,permit_process_source,medium,unmeasured
province,phetchaburi,เพชรบุรี,Phetchaburi,west,P4-aeo,ต้องขออนุญาตอะไรบ้าง เพชรบุรี,informational,consideration,/solar-carport/phetchaburi,permit_process_source,medium,unmeasured
province,phetchaburi,เพชรบุรี,Phetchaburi,west,P4-aeo,Solar Carport ในเพชรบุรี ต่างจาก Solar Rooftop อย่างไร,informational,awareness,/solar-carport/phetchaburi,none,medium,unmeasured
province,phetchaburi,เพชรบุรี,Phetchaburi,west,P4-aeo,บริษัทโซลาร์เซลล์เพชรบุรี ที่ไหนดี,informational,consideration,/projects,review_source,low,unmeasured
province,phetchaburi,เพชรบุรี,Phetchaburi,west,P4-aeo,ระบบไฟฟ้า เพชรบุรี เป็น PEA หรือ MEA,informational,consideration,/solar-carport/phetchaburi,utility_official_source,medium,unmeasured
province,phichit,พิจิตร,Phichit,north,P1-core,ติดตั้งโซลาร์เซลล์พิจิตร,commercial,consideration,/solar-carport/phichit,site_survey_quote,high,unmeasured
province,phichit,พิจิตร,Phichit,north,P1-core,โซลาร์เซลล์พิจิตร,commercial,consideration,/solar-carport/phichit,none,high,unmeasured
province,phichit,พิจิตร,Phichit,north,P1-core,โซลาร์คาร์พอร์ตพิจิตร,commercial,consideration,/solar-carport/phichit,none,high,unmeasured
province,phichit,พิจิตร,Phichit,north,P1-core,solar cell Phichit,commercial,consideration,/solar-carport/phichit,none,medium,unmeasured
province,phichit,พิจิตร,Phichit,north,P1-core,บริษัทรับติดตั้งโซลาร์เซลล์พิจิตร,commercial,consideration,/solar-carport/phichit,legal_entity,medium,unmeasured
province,phichit,พิจิตร,Phichit,north,P2-commercial,ราคาติดตั้งโซลาร์เซลล์พิจิตร,transactional,decision,/solar-carport/phichit,site_survey_quote,high,unmeasured
province,phichit,พิจิตร,Phichit,north,P2-commercial,ราคาโซลาร์เซลล์พิจิตร,transactional,decision,/solar-carport/phichit,site_survey_quote,high,unmeasured
province,phichit,พิจิตร,Phichit,north,P2-commercial,โซลาร์เซลล์โรงงานพิจิตร,commercial,consideration,/solar-carport/phichit/factory,site_survey_quote,high,unmeasured
province,phichit,พิจิตร,Phichit,north,P2-commercial,โซลาร์เซลล์โรงแรมพิจิตร,commercial,consideration,/solar-carport/phichit/hotel,site_survey_quote,high,unmeasured
province,phichit,พิจิตร,Phichit,north,P2-commercial,โซลาร์เซลล์อาคารพาณิชย์พิจิตร,commercial,consideration,/solar-carport/phichit/commercial,site_survey_quote,medium,unmeasured
province,phichit,พิจิตร,Phichit,north,P2-commercial,ช่างโซลาร์พิจิตร,commercial,consideration,/contact,certified_claims_review,low,unmeasured
province,phichit,พิจิตร,Phichit,north,P3-cluster,สถานีชาร์จรถยนต์ไฟฟ้าพิจิตร,commercial,consideration,/solar-carport/phichit/ev,site_survey_quote,medium,unmeasured
province,phichit,พิจิตร,Phichit,north,P3-cluster,EV charger Phichit,commercial,consideration,/solar-carport/phichit/ev,site_survey_quote,medium,unmeasured
province,phichit,พิจิตร,Phichit,north,P3-cluster,BESS พิจิตร,commercial,consideration,/solar-carport/phichit/bess,site_survey_quote,medium,unmeasured
province,phichit,พิจิตร,Phichit,north,P4-aeo,ติดตั้งโซลาร์เซลล์พิจิตร คุ้มไหม,informational,awareness,/solar-carport/phichit,site_survey_quote,high,unmeasured
province,phichit,พิจิตร,Phichit,north,P4-aeo,โซลาร์เซลล์พิจิตร ราคาเท่าไหร่,informational,awareness,/solar-carport/phichit,site_survey_quote,high,unmeasured
province,phichit,พิจิตร,Phichit,north,P4-aeo,โซลาร์เซลล์พิจิตร คืนทุนกี่ปี,informational,awareness,/solar-carport/phichit,site_survey_quote,high,unmeasured
province,phichit,พิจิตร,Phichit,north,P4-aeo,ขั้นตอนติดตั้งโซลาร์เซลล์พิจิตร,informational,consideration,/solar-carport/phichit,permit_process_source,medium,unmeasured
province,phichit,พิจิตร,Phichit,north,P4-aeo,ต้องขออนุญาตอะไรบ้าง พิจิตร,informational,consideration,/solar-carport/phichit,permit_process_source,medium,unmeasured
province,phichit,พิจิตร,Phichit,north,P4-aeo,Solar Carport ในพิจิตร ต่างจาก Solar Rooftop อย่างไร,informational,awareness,/solar-carport/phichit,none,medium,unmeasured
province,phichit,พิจิตร,Phichit,north,P4-aeo,บริษัทโซลาร์เซลล์พิจิตร ที่ไหนดี,informational,consideration,/projects,review_source,low,unmeasured
province,phichit,พิจิตร,Phichit,north,P4-aeo,ระบบไฟฟ้า พิจิตร เป็น PEA หรือ MEA,informational,consideration,/solar-carport/phichit,utility_official_source,medium,unmeasured
province,phitsanulok,พิษณุโลก,Phitsanulok,north,P1-core,ติดตั้งโซลาร์เซลล์พิษณุโลก,commercial,consideration,/solar-carport/phitsanulok,site_survey_quote,high,unmeasured
province,phitsanulok,พิษณุโลก,Phitsanulok,north,P1-core,โซลาร์เซลล์พิษณุโลก,commercial,consideration,/solar-carport/phitsanulok,none,high,unmeasured
province,phitsanulok,พิษณุโลก,Phitsanulok,north,P1-core,โซลาร์คาร์พอร์ตพิษณุโลก,commercial,consideration,/solar-carport/phitsanulok,none,high,unmeasured
province,phitsanulok,พิษณุโลก,Phitsanulok,north,P1-core,solar cell Phitsanulok,commercial,consideration,/solar-carport/phitsanulok,none,medium,unmeasured
province,phitsanulok,พิษณุโลก,Phitsanulok,north,P1-core,บริษัทรับติดตั้งโซลาร์เซลล์พิษณุโลก,commercial,consideration,/solar-carport/phitsanulok,legal_entity,medium,unmeasured
province,phitsanulok,พิษณุโลก,Phitsanulok,north,P2-commercial,ราคาติดตั้งโซลาร์เซลล์พิษณุโลก,transactional,decision,/solar-carport/phitsanulok,site_survey_quote,high,unmeasured
province,phitsanulok,พิษณุโลก,Phitsanulok,north,P2-commercial,ราคาโซลาร์เซลล์พิษณุโลก,transactional,decision,/solar-carport/phitsanulok,site_survey_quote,high,unmeasured
province,phitsanulok,พิษณุโลก,Phitsanulok,north,P2-commercial,โซลาร์เซลล์โรงงานพิษณุโลก,commercial,consideration,/solar-carport/phitsanulok/factory,site_survey_quote,high,unmeasured
province,phitsanulok,พิษณุโลก,Phitsanulok,north,P2-commercial,โซลาร์เซลล์โรงแรมพิษณุโลก,commercial,consideration,/solar-carport/phitsanulok/hotel,site_survey_quote,high,unmeasured
province,phitsanulok,พิษณุโลก,Phitsanulok,north,P2-commercial,โซลาร์เซลล์อาคารพาณิชย์พิษณุโลก,commercial,consideration,/solar-carport/phitsanulok/commercial,site_survey_quote,medium,unmeasured
province,phitsanulok,พิษณุโลก,Phitsanulok,north,P2-commercial,ช่างโซลาร์พิษณุโลก,commercial,consideration,/contact,certified_claims_review,low,unmeasured
province,phitsanulok,พิษณุโลก,Phitsanulok,north,P3-cluster,สถานีชาร์จรถยนต์ไฟฟ้าพิษณุโลก,commercial,consideration,/solar-carport/phitsanulok/ev,site_survey_quote,medium,unmeasured
province,phitsanulok,พิษณุโลก,Phitsanulok,north,P3-cluster,EV charger Phitsanulok,commercial,consideration,/solar-carport/phitsanulok/ev,site_survey_quote,medium,unmeasured
province,phitsanulok,พิษณุโลก,Phitsanulok,north,P3-cluster,BESS พิษณุโลก,commercial,consideration,/solar-carport/phitsanulok/bess,site_survey_quote,medium,unmeasured
province,phitsanulok,พิษณุโลก,Phitsanulok,north,P4-aeo,ติดตั้งโซลาร์เซลล์พิษณุโลก คุ้มไหม,informational,awareness,/solar-carport/phitsanulok,site_survey_quote,high,unmeasured
province,phitsanulok,พิษณุโลก,Phitsanulok,north,P4-aeo,โซลาร์เซลล์พิษณุโลก ราคาเท่าไหร่,informational,awareness,/solar-carport/phitsanulok,site_survey_quote,high,unmeasured
province,phitsanulok,พิษณุโลก,Phitsanulok,north,P4-aeo,โซลาร์เซลล์พิษณุโลก คืนทุนกี่ปี,informational,awareness,/solar-carport/phitsanulok,site_survey_quote,high,unmeasured
province,phitsanulok,พิษณุโลก,Phitsanulok,north,P4-aeo,ขั้นตอนติดตั้งโซลาร์เซลล์พิษณุโลก,informational,consideration,/solar-carport/phitsanulok,permit_process_source,medium,unmeasured
province,phitsanulok,พิษณุโลก,Phitsanulok,north,P4-aeo,ต้องขออนุญาตอะไรบ้าง พิษณุโลก,informational,consideration,/solar-carport/phitsanulok,permit_process_source,medium,unmeasured
province,phitsanulok,พิษณุโลก,Phitsanulok,north,P4-aeo,Solar Carport ในพิษณุโลก ต่างจาก Solar Rooftop อย่างไร,informational,awareness,/solar-carport/phitsanulok,none,medium,unmeasured
province,phitsanulok,พิษณุโลก,Phitsanulok,north,P4-aeo,บริษัทโซลาร์เซลล์พิษณุโลก ที่ไหนดี,informational,consideration,/projects,review_source,low,unmeasured
province,phitsanulok,พิษณุโลก,Phitsanulok,north,P4-aeo,ระบบไฟฟ้า พิษณุโลก เป็น PEA หรือ MEA,informational,consideration,/solar-carport/phitsanulok,utility_official_source,medium,unmeasured
province,phra-nakhon-si-ayutthaya,พระนครศรีอยุธยา,Phra Nakhon Si Ayutthaya,central,P1-core,ติดตั้งโซลาร์เซลล์พระนครศรีอยุธยา,commercial,consideration,/solar-carport/phra-nakhon-si-ayutthaya,site_survey_quote,high,unmeasured
province,phra-nakhon-si-ayutthaya,พระนครศรีอยุธยา,Phra Nakhon Si Ayutthaya,central,P1-core,โซลาร์เซลล์พระนครศรีอยุธยา,commercial,consideration,/solar-carport/phra-nakhon-si-ayutthaya,none,high,unmeasured
province,phra-nakhon-si-ayutthaya,พระนครศรีอยุธยา,Phra Nakhon Si Ayutthaya,central,P1-core,โซลาร์คาร์พอร์ตพระนครศรีอยุธยา,commercial,consideration,/solar-carport/phra-nakhon-si-ayutthaya,none,high,unmeasured
province,phra-nakhon-si-ayutthaya,พระนครศรีอยุธยา,Phra Nakhon Si Ayutthaya,central,P1-core,solar cell Phra Nakhon Si Ayutthaya,commercial,consideration,/solar-carport/phra-nakhon-si-ayutthaya,none,medium,unmeasured
province,phra-nakhon-si-ayutthaya,พระนครศรีอยุธยา,Phra Nakhon Si Ayutthaya,central,P1-core,บริษัทรับติดตั้งโซลาร์เซลล์พระนครศรีอยุธยา,commercial,consideration,/solar-carport/phra-nakhon-si-ayutthaya,legal_entity,medium,unmeasured
province,phra-nakhon-si-ayutthaya,พระนครศรีอยุธยา,Phra Nakhon Si Ayutthaya,central,P2-commercial,ราคาติดตั้งโซลาร์เซลล์พระนครศรีอยุธยา,transactional,decision,/solar-carport/phra-nakhon-si-ayutthaya,site_survey_quote,high,unmeasured
province,phra-nakhon-si-ayutthaya,พระนครศรีอยุธยา,Phra Nakhon Si Ayutthaya,central,P2-commercial,ราคาโซลาร์เซลล์พระนครศรีอยุธยา,transactional,decision,/solar-carport/phra-nakhon-si-ayutthaya,site_survey_quote,high,unmeasured
province,phra-nakhon-si-ayutthaya,พระนครศรีอยุธยา,Phra Nakhon Si Ayutthaya,central,P2-commercial,โซลาร์เซลล์โรงงานพระนครศรีอยุธยา,commercial,consideration,/solar-carport/phra-nakhon-si-ayutthaya/factory,site_survey_quote,high,unmeasured
province,phra-nakhon-si-ayutthaya,พระนครศรีอยุธยา,Phra Nakhon Si Ayutthaya,central,P2-commercial,โซลาร์เซลล์โรงแรมพระนครศรีอยุธยา,commercial,consideration,/solar-carport/phra-nakhon-si-ayutthaya/hotel,site_survey_quote,high,unmeasured
province,phra-nakhon-si-ayutthaya,พระนครศรีอยุธยา,Phra Nakhon Si Ayutthaya,central,P2-commercial,โซลาร์เซลล์อาคารพาณิชย์พระนครศรีอยุธยา,commercial,consideration,/solar-carport/phra-nakhon-si-ayutthaya/commercial,site_survey_quote,medium,unmeasured
province,phra-nakhon-si-ayutthaya,พระนครศรีอยุธยา,Phra Nakhon Si Ayutthaya,central,P2-commercial,ช่างโซลาร์พระนครศรีอยุธยา,commercial,consideration,/contact,certified_claims_review,low,unmeasured
province,phra-nakhon-si-ayutthaya,พระนครศรีอยุธยา,Phra Nakhon Si Ayutthaya,central,P3-cluster,สถานีชาร์จรถยนต์ไฟฟ้าพระนครศรีอยุธยา,commercial,consideration,/solar-carport/phra-nakhon-si-ayutthaya/ev,site_survey_quote,medium,unmeasured
province,phra-nakhon-si-ayutthaya,พระนครศรีอยุธยา,Phra Nakhon Si Ayutthaya,central,P3-cluster,EV charger Phra Nakhon Si Ayutthaya,commercial,consideration,/solar-carport/phra-nakhon-si-ayutthaya/ev,site_survey_quote,medium,unmeasured
province,phra-nakhon-si-ayutthaya,พระนครศรีอยุธยา,Phra Nakhon Si Ayutthaya,central,P3-cluster,BESS พระนครศรีอยุธยา,commercial,consideration,/solar-carport/phra-nakhon-si-ayutthaya/bess,site_survey_quote,medium,unmeasured
province,phra-nakhon-si-ayutthaya,พระนครศรีอยุธยา,Phra Nakhon Si Ayutthaya,central,P4-aeo,ติดตั้งโซลาร์เซลล์พระนครศรีอยุธยา คุ้มไหม,informational,awareness,/solar-carport/phra-nakhon-si-ayutthaya,site_survey_quote,high,unmeasured
province,phra-nakhon-si-ayutthaya,พระนครศรีอยุธยา,Phra Nakhon Si Ayutthaya,central,P4-aeo,โซลาร์เซลล์พระนครศรีอยุธยา ราคาเท่าไหร่,informational,awareness,/solar-carport/phra-nakhon-si-ayutthaya,site_survey_quote,high,unmeasured
province,phra-nakhon-si-ayutthaya,พระนครศรีอยุธยา,Phra Nakhon Si Ayutthaya,central,P4-aeo,โซลาร์เซลล์พระนครศรีอยุธยา คืนทุนกี่ปี,informational,awareness,/solar-carport/phra-nakhon-si-ayutthaya,site_survey_quote,high,unmeasured
province,phra-nakhon-si-ayutthaya,พระนครศรีอยุธยา,Phra Nakhon Si Ayutthaya,central,P4-aeo,ขั้นตอนติดตั้งโซลาร์เซลล์พระนครศรีอยุธยา,informational,consideration,/solar-carport/phra-nakhon-si-ayutthaya,permit_process_source,medium,unmeasured
province,phra-nakhon-si-ayutthaya,พระนครศรีอยุธยา,Phra Nakhon Si Ayutthaya,central,P4-aeo,ต้องขออนุญาตอะไรบ้าง พระนครศรีอยุธยา,informational,consideration,/solar-carport/phra-nakhon-si-ayutthaya,permit_process_source,medium,unmeasured
province,phra-nakhon-si-ayutthaya,พระนครศรีอยุธยา,Phra Nakhon Si Ayutthaya,central,P4-aeo,Solar Carport ในพระนครศรีอยุธยา ต่างจาก Solar Rooftop อย่างไร,informational,awareness,/solar-carport/phra-nakhon-si-ayutthaya,none,medium,unmeasured
province,phra-nakhon-si-ayutthaya,พระนครศรีอยุธยา,Phra Nakhon Si Ayutthaya,central,P4-aeo,บริษัทโซลาร์เซลล์พระนครศรีอยุธยา ที่ไหนดี,informational,consideration,/projects,review_source,low,unmeasured
province,phra-nakhon-si-ayutthaya,พระนครศรีอยุธยา,Phra Nakhon Si Ayutthaya,central,P4-aeo,ระบบไฟฟ้า พระนครศรีอยุธยา เป็น PEA หรือ MEA,informational,consideration,/solar-carport/phra-nakhon-si-ayutthaya,utility_official_source,medium,unmeasured
province,phrae,แพร่,Phrae,north,P1-core,ติดตั้งโซลาร์เซลล์แพร่,commercial,consideration,/solar-carport/phrae,site_survey_quote,high,unmeasured
province,phrae,แพร่,Phrae,north,P1-core,โซลาร์เซลล์แพร่,commercial,consideration,/solar-carport/phrae,none,high,unmeasured
province,phrae,แพร่,Phrae,north,P1-core,โซลาร์คาร์พอร์ตแพร่,commercial,consideration,/solar-carport/phrae,none,high,unmeasured
province,phrae,แพร่,Phrae,north,P1-core,solar cell Phrae,commercial,consideration,/solar-carport/phrae,none,medium,unmeasured
province,phrae,แพร่,Phrae,north,P1-core,บริษัทรับติดตั้งโซลาร์เซลล์แพร่,commercial,consideration,/solar-carport/phrae,legal_entity,medium,unmeasured
province,phrae,แพร่,Phrae,north,P2-commercial,ราคาติดตั้งโซลาร์เซลล์แพร่,transactional,decision,/solar-carport/phrae,site_survey_quote,high,unmeasured
province,phrae,แพร่,Phrae,north,P2-commercial,ราคาโซลาร์เซลล์แพร่,transactional,decision,/solar-carport/phrae,site_survey_quote,high,unmeasured
province,phrae,แพร่,Phrae,north,P2-commercial,โซลาร์เซลล์โรงงานแพร่,commercial,consideration,/solar-carport/phrae/factory,site_survey_quote,high,unmeasured
province,phrae,แพร่,Phrae,north,P2-commercial,โซลาร์เซลล์โรงแรมแพร่,commercial,consideration,/solar-carport/phrae/hotel,site_survey_quote,high,unmeasured
province,phrae,แพร่,Phrae,north,P2-commercial,โซลาร์เซลล์อาคารพาณิชย์แพร่,commercial,consideration,/solar-carport/phrae/commercial,site_survey_quote,medium,unmeasured
province,phrae,แพร่,Phrae,north,P2-commercial,ช่างโซลาร์แพร่,commercial,consideration,/contact,certified_claims_review,low,unmeasured
province,phrae,แพร่,Phrae,north,P3-cluster,สถานีชาร์จรถยนต์ไฟฟ้าแพร่,commercial,consideration,/solar-carport/phrae/ev,site_survey_quote,medium,unmeasured
province,phrae,แพร่,Phrae,north,P3-cluster,EV charger Phrae,commercial,consideration,/solar-carport/phrae/ev,site_survey_quote,medium,unmeasured
province,phrae,แพร่,Phrae,north,P3-cluster,BESS แพร่,commercial,consideration,/solar-carport/phrae/bess,site_survey_quote,medium,unmeasured
province,phrae,แพร่,Phrae,north,P4-aeo,ติดตั้งโซลาร์เซลล์แพร่ คุ้มไหม,informational,awareness,/solar-carport/phrae,site_survey_quote,high,unmeasured
province,phrae,แพร่,Phrae,north,P4-aeo,โซลาร์เซลล์แพร่ ราคาเท่าไหร่,informational,awareness,/solar-carport/phrae,site_survey_quote,high,unmeasured
province,phrae,แพร่,Phrae,north,P4-aeo,โซลาร์เซลล์แพร่ คืนทุนกี่ปี,informational,awareness,/solar-carport/phrae,site_survey_quote,high,unmeasured
province,phrae,แพร่,Phrae,north,P4-aeo,ขั้นตอนติดตั้งโซลาร์เซลล์แพร่,informational,consideration,/solar-carport/phrae,permit_process_source,medium,unmeasured
province,phrae,แพร่,Phrae,north,P4-aeo,ต้องขออนุญาตอะไรบ้าง แพร่,informational,consideration,/solar-carport/phrae,permit_process_source,medium,unmeasured
province,phrae,แพร่,Phrae,north,P4-aeo,Solar Carport ในแพร่ ต่างจาก Solar Rooftop อย่างไร,informational,awareness,/solar-carport/phrae,none,medium,unmeasured
province,phrae,แพร่,Phrae,north,P4-aeo,บริษัทโซลาร์เซลล์แพร่ ที่ไหนดี,informational,consideration,/projects,review_source,low,unmeasured
province,phrae,แพร่,Phrae,north,P4-aeo,ระบบไฟฟ้า แพร่ เป็น PEA หรือ MEA,informational,consideration,/solar-carport/phrae,utility_official_source,medium,unmeasured
province,phuket,ภูเก็ต,Phuket,south,P1-core,ติดตั้งโซลาร์เซลล์ภูเก็ต,commercial,consideration,/solar-carport/phuket,site_survey_quote,high,unmeasured
province,phuket,ภูเก็ต,Phuket,south,P1-core,โซลาร์เซลล์ภูเก็ต,commercial,consideration,/solar-carport/phuket,none,high,unmeasured
province,phuket,ภูเก็ต,Phuket,south,P1-core,โซลาร์คาร์พอร์ตภูเก็ต,commercial,consideration,/solar-carport/phuket,none,high,unmeasured
province,phuket,ภูเก็ต,Phuket,south,P1-core,solar cell Phuket,commercial,consideration,/solar-carport/phuket,none,medium,unmeasured
province,phuket,ภูเก็ต,Phuket,south,P1-core,บริษัทรับติดตั้งโซลาร์เซลล์ภูเก็ต,commercial,consideration,/solar-carport/phuket,legal_entity,medium,unmeasured
province,phuket,ภูเก็ต,Phuket,south,P2-commercial,ราคาติดตั้งโซลาร์เซลล์ภูเก็ต,transactional,decision,/solar-carport/phuket,site_survey_quote,high,unmeasured
province,phuket,ภูเก็ต,Phuket,south,P2-commercial,ราคาโซลาร์เซลล์ภูเก็ต,transactional,decision,/solar-carport/phuket,site_survey_quote,high,unmeasured
province,phuket,ภูเก็ต,Phuket,south,P2-commercial,โซลาร์เซลล์โรงงานภูเก็ต,commercial,consideration,/solar-carport/phuket/factory,site_survey_quote,high,unmeasured
province,phuket,ภูเก็ต,Phuket,south,P2-commercial,โซลาร์เซลล์โรงแรมภูเก็ต,commercial,consideration,/solar-carport/phuket/hotel,site_survey_quote,high,unmeasured
province,phuket,ภูเก็ต,Phuket,south,P2-commercial,โซลาร์เซลล์อาคารพาณิชย์ภูเก็ต,commercial,consideration,/solar-carport/phuket/commercial,site_survey_quote,medium,unmeasured
province,phuket,ภูเก็ต,Phuket,south,P2-commercial,ช่างโซลาร์ภูเก็ต,commercial,consideration,/contact,certified_claims_review,low,unmeasured
province,phuket,ภูเก็ต,Phuket,south,P3-cluster,สถานีชาร์จรถยนต์ไฟฟ้าภูเก็ต,commercial,consideration,/solar-carport/phuket/ev,site_survey_quote,medium,unmeasured
province,phuket,ภูเก็ต,Phuket,south,P3-cluster,EV charger Phuket,commercial,consideration,/solar-carport/phuket/ev,site_survey_quote,medium,unmeasured
province,phuket,ภูเก็ต,Phuket,south,P3-cluster,BESS ภูเก็ต,commercial,consideration,/solar-carport/phuket/bess,site_survey_quote,medium,unmeasured
province,phuket,ภูเก็ต,Phuket,south,P4-aeo,ติดตั้งโซลาร์เซลล์ภูเก็ต คุ้มไหม,informational,awareness,/solar-carport/phuket,site_survey_quote,high,unmeasured
province,phuket,ภูเก็ต,Phuket,south,P4-aeo,โซลาร์เซลล์ภูเก็ต ราคาเท่าไหร่,informational,awareness,/solar-carport/phuket,site_survey_quote,high,unmeasured
province,phuket,ภูเก็ต,Phuket,south,P4-aeo,โซลาร์เซลล์ภูเก็ต คืนทุนกี่ปี,informational,awareness,/solar-carport/phuket,site_survey_quote,high,unmeasured
province,phuket,ภูเก็ต,Phuket,south,P4-aeo,ขั้นตอนติดตั้งโซลาร์เซลล์ภูเก็ต,informational,consideration,/solar-carport/phuket,permit_process_source,medium,unmeasured
province,phuket,ภูเก็ต,Phuket,south,P4-aeo,ต้องขออนุญาตอะไรบ้าง ภูเก็ต,informational,consideration,/solar-carport/phuket,permit_process_source,medium,unmeasured
province,phuket,ภูเก็ต,Phuket,south,P4-aeo,Solar Carport ในภูเก็ต ต่างจาก Solar Rooftop อย่างไร,informational,awareness,/solar-carport/phuket,none,medium,unmeasured
province,phuket,ภูเก็ต,Phuket,south,P4-aeo,บริษัทโซลาร์เซลล์ภูเก็ต ที่ไหนดี,informational,consideration,/projects,review_source,low,unmeasured
province,phuket,ภูเก็ต,Phuket,south,P4-aeo,ระบบไฟฟ้า ภูเก็ต เป็น PEA หรือ MEA,informational,consideration,/solar-carport/phuket,utility_official_source,medium,unmeasured
province,prachinburi,ปราจีนบุรี,Prachinburi,east,P1-core,ติดตั้งโซลาร์เซลล์ปราจีนบุรี,commercial,consideration,/solar-carport/prachinburi,site_survey_quote,high,unmeasured
province,prachinburi,ปราจีนบุรี,Prachinburi,east,P1-core,โซลาร์เซลล์ปราจีนบุรี,commercial,consideration,/solar-carport/prachinburi,none,high,unmeasured
province,prachinburi,ปราจีนบุรี,Prachinburi,east,P1-core,โซลาร์คาร์พอร์ตปราจีนบุรี,commercial,consideration,/solar-carport/prachinburi,none,high,unmeasured
province,prachinburi,ปราจีนบุรี,Prachinburi,east,P1-core,solar cell Prachinburi,commercial,consideration,/solar-carport/prachinburi,none,medium,unmeasured
province,prachinburi,ปราจีนบุรี,Prachinburi,east,P1-core,บริษัทรับติดตั้งโซลาร์เซลล์ปราจีนบุรี,commercial,consideration,/solar-carport/prachinburi,legal_entity,medium,unmeasured
province,prachinburi,ปราจีนบุรี,Prachinburi,east,P2-commercial,ราคาติดตั้งโซลาร์เซลล์ปราจีนบุรี,transactional,decision,/solar-carport/prachinburi,site_survey_quote,high,unmeasured
province,prachinburi,ปราจีนบุรี,Prachinburi,east,P2-commercial,ราคาโซลาร์เซลล์ปราจีนบุรี,transactional,decision,/solar-carport/prachinburi,site_survey_quote,high,unmeasured
province,prachinburi,ปราจีนบุรี,Prachinburi,east,P2-commercial,โซลาร์เซลล์โรงงานปราจีนบุรี,commercial,consideration,/solar-carport/prachinburi/factory,site_survey_quote,high,unmeasured
province,prachinburi,ปราจีนบุรี,Prachinburi,east,P2-commercial,โซลาร์เซลล์โรงแรมปราจีนบุรี,commercial,consideration,/solar-carport/prachinburi/hotel,site_survey_quote,high,unmeasured
province,prachinburi,ปราจีนบุรี,Prachinburi,east,P2-commercial,โซลาร์เซลล์อาคารพาณิชย์ปราจีนบุรี,commercial,consideration,/solar-carport/prachinburi/commercial,site_survey_quote,medium,unmeasured
province,prachinburi,ปราจีนบุรี,Prachinburi,east,P2-commercial,ช่างโซลาร์ปราจีนบุรี,commercial,consideration,/contact,certified_claims_review,low,unmeasured
province,prachinburi,ปราจีนบุรี,Prachinburi,east,P3-cluster,สถานีชาร์จรถยนต์ไฟฟ้าปราจีนบุรี,commercial,consideration,/solar-carport/prachinburi/ev,site_survey_quote,medium,unmeasured
province,prachinburi,ปราจีนบุรี,Prachinburi,east,P3-cluster,EV charger Prachinburi,commercial,consideration,/solar-carport/prachinburi/ev,site_survey_quote,medium,unmeasured
province,prachinburi,ปราจีนบุรี,Prachinburi,east,P3-cluster,BESS ปราจีนบุรี,commercial,consideration,/solar-carport/prachinburi/bess,site_survey_quote,medium,unmeasured
province,prachinburi,ปราจีนบุรี,Prachinburi,east,P4-aeo,ติดตั้งโซลาร์เซลล์ปราจีนบุรี คุ้มไหม,informational,awareness,/solar-carport/prachinburi,site_survey_quote,high,unmeasured
province,prachinburi,ปราจีนบุรี,Prachinburi,east,P4-aeo,โซลาร์เซลล์ปราจีนบุรี ราคาเท่าไหร่,informational,awareness,/solar-carport/prachinburi,site_survey_quote,high,unmeasured
province,prachinburi,ปราจีนบุรี,Prachinburi,east,P4-aeo,โซลาร์เซลล์ปราจีนบุรี คืนทุนกี่ปี,informational,awareness,/solar-carport/prachinburi,site_survey_quote,high,unmeasured
province,prachinburi,ปราจีนบุรี,Prachinburi,east,P4-aeo,ขั้นตอนติดตั้งโซลาร์เซลล์ปราจีนบุรี,informational,consideration,/solar-carport/prachinburi,permit_process_source,medium,unmeasured
province,prachinburi,ปราจีนบุรี,Prachinburi,east,P4-aeo,ต้องขออนุญาตอะไรบ้าง ปราจีนบุรี,informational,consideration,/solar-carport/prachinburi,permit_process_source,medium,unmeasured
province,prachinburi,ปราจีนบุรี,Prachinburi,east,P4-aeo,Solar Carport ในปราจีนบุรี ต่างจาก Solar Rooftop อย่างไร,informational,awareness,/solar-carport/prachinburi,none,medium,unmeasured
province,prachinburi,ปราจีนบุรี,Prachinburi,east,P4-aeo,บริษัทโซลาร์เซลล์ปราจีนบุรี ที่ไหนดี,informational,consideration,/projects,review_source,low,unmeasured
province,prachinburi,ปราจีนบุรี,Prachinburi,east,P4-aeo,ระบบไฟฟ้า ปราจีนบุรี เป็น PEA หรือ MEA,informational,consideration,/solar-carport/prachinburi,utility_official_source,medium,unmeasured
province,prachuap-khiri-khan,ประจวบคีรีขันธ์,Prachuap Khiri Khan,west,P1-core,ติดตั้งโซลาร์เซลล์ประจวบคีรีขันธ์,commercial,consideration,/solar-carport/prachuap-khiri-khan,site_survey_quote,high,unmeasured
province,prachuap-khiri-khan,ประจวบคีรีขันธ์,Prachuap Khiri Khan,west,P1-core,โซลาร์เซลล์ประจวบคีรีขันธ์,commercial,consideration,/solar-carport/prachuap-khiri-khan,none,high,unmeasured
province,prachuap-khiri-khan,ประจวบคีรีขันธ์,Prachuap Khiri Khan,west,P1-core,โซลาร์คาร์พอร์ตประจวบคีรีขันธ์,commercial,consideration,/solar-carport/prachuap-khiri-khan,none,high,unmeasured
province,prachuap-khiri-khan,ประจวบคีรีขันธ์,Prachuap Khiri Khan,west,P1-core,solar cell Prachuap Khiri Khan,commercial,consideration,/solar-carport/prachuap-khiri-khan,none,medium,unmeasured
province,prachuap-khiri-khan,ประจวบคีรีขันธ์,Prachuap Khiri Khan,west,P1-core,บริษัทรับติดตั้งโซลาร์เซลล์ประจวบคีรีขันธ์,commercial,consideration,/solar-carport/prachuap-khiri-khan,legal_entity,medium,unmeasured
province,prachuap-khiri-khan,ประจวบคีรีขันธ์,Prachuap Khiri Khan,west,P2-commercial,ราคาติดตั้งโซลาร์เซลล์ประจวบคีรีขันธ์,transactional,decision,/solar-carport/prachuap-khiri-khan,site_survey_quote,high,unmeasured
province,prachuap-khiri-khan,ประจวบคีรีขันธ์,Prachuap Khiri Khan,west,P2-commercial,ราคาโซลาร์เซลล์ประจวบคีรีขันธ์,transactional,decision,/solar-carport/prachuap-khiri-khan,site_survey_quote,high,unmeasured
province,prachuap-khiri-khan,ประจวบคีรีขันธ์,Prachuap Khiri Khan,west,P2-commercial,โซลาร์เซลล์โรงงานประจวบคีรีขันธ์,commercial,consideration,/solar-carport/prachuap-khiri-khan/factory,site_survey_quote,high,unmeasured
province,prachuap-khiri-khan,ประจวบคีรีขันธ์,Prachuap Khiri Khan,west,P2-commercial,โซลาร์เซลล์โรงแรมประจวบคีรีขันธ์,commercial,consideration,/solar-carport/prachuap-khiri-khan/hotel,site_survey_quote,high,unmeasured
province,prachuap-khiri-khan,ประจวบคีรีขันธ์,Prachuap Khiri Khan,west,P2-commercial,โซลาร์เซลล์อาคารพาณิชย์ประจวบคีรีขันธ์,commercial,consideration,/solar-carport/prachuap-khiri-khan/commercial,site_survey_quote,medium,unmeasured
province,prachuap-khiri-khan,ประจวบคีรีขันธ์,Prachuap Khiri Khan,west,P2-commercial,ช่างโซลาร์ประจวบคีรีขันธ์,commercial,consideration,/contact,certified_claims_review,low,unmeasured
province,prachuap-khiri-khan,ประจวบคีรีขันธ์,Prachuap Khiri Khan,west,P3-cluster,สถานีชาร์จรถยนต์ไฟฟ้าประจวบคีรีขันธ์,commercial,consideration,/solar-carport/prachuap-khiri-khan/ev,site_survey_quote,medium,unmeasured
province,prachuap-khiri-khan,ประจวบคีรีขันธ์,Prachuap Khiri Khan,west,P3-cluster,EV charger Prachuap Khiri Khan,commercial,consideration,/solar-carport/prachuap-khiri-khan/ev,site_survey_quote,medium,unmeasured
province,prachuap-khiri-khan,ประจวบคีรีขันธ์,Prachuap Khiri Khan,west,P3-cluster,BESS ประจวบคีรีขันธ์,commercial,consideration,/solar-carport/prachuap-khiri-khan/bess,site_survey_quote,medium,unmeasured
province,prachuap-khiri-khan,ประจวบคีรีขันธ์,Prachuap Khiri Khan,west,P4-aeo,ติดตั้งโซลาร์เซลล์ประจวบคีรีขันธ์ คุ้มไหม,informational,awareness,/solar-carport/prachuap-khiri-khan,site_survey_quote,high,unmeasured
province,prachuap-khiri-khan,ประจวบคีรีขันธ์,Prachuap Khiri Khan,west,P4-aeo,โซลาร์เซลล์ประจวบคีรีขันธ์ ราคาเท่าไหร่,informational,awareness,/solar-carport/prachuap-khiri-khan,site_survey_quote,high,unmeasured
province,prachuap-khiri-khan,ประจวบคีรีขันธ์,Prachuap Khiri Khan,west,P4-aeo,โซลาร์เซลล์ประจวบคีรีขันธ์ คืนทุนกี่ปี,informational,awareness,/solar-carport/prachuap-khiri-khan,site_survey_quote,high,unmeasured
province,prachuap-khiri-khan,ประจวบคีรีขันธ์,Prachuap Khiri Khan,west,P4-aeo,ขั้นตอนติดตั้งโซลาร์เซลล์ประจวบคีรีขันธ์,informational,consideration,/solar-carport/prachuap-khiri-khan,permit_process_source,medium,unmeasured
province,prachuap-khiri-khan,ประจวบคีรีขันธ์,Prachuap Khiri Khan,west,P4-aeo,ต้องขออนุญาตอะไรบ้าง ประจวบคีรีขันธ์,informational,consideration,/solar-carport/prachuap-khiri-khan,permit_process_source,medium,unmeasured
province,prachuap-khiri-khan,ประจวบคีรีขันธ์,Prachuap Khiri Khan,west,P4-aeo,Solar Carport ในประจวบคีรีขันธ์ ต่างจาก Solar Rooftop อย่างไร,informational,awareness,/solar-carport/prachuap-khiri-khan,none,medium,unmeasured
province,prachuap-khiri-khan,ประจวบคีรีขันธ์,Prachuap Khiri Khan,west,P4-aeo,บริษัทโซลาร์เซลล์ประจวบคีรีขันธ์ ที่ไหนดี,informational,consideration,/projects,review_source,low,unmeasured
province,prachuap-khiri-khan,ประจวบคีรีขันธ์,Prachuap Khiri Khan,west,P4-aeo,ระบบไฟฟ้า ประจวบคีรีขันธ์ เป็น PEA หรือ MEA,informational,consideration,/solar-carport/prachuap-khiri-khan,utility_official_source,medium,unmeasured
province,ranong,ระนอง,Ranong,south,P1-core,ติดตั้งโซลาร์เซลล์ระนอง,commercial,consideration,/solar-carport/ranong,site_survey_quote,high,unmeasured
province,ranong,ระนอง,Ranong,south,P1-core,โซลาร์เซลล์ระนอง,commercial,consideration,/solar-carport/ranong,none,high,unmeasured
province,ranong,ระนอง,Ranong,south,P1-core,โซลาร์คาร์พอร์ตระนอง,commercial,consideration,/solar-carport/ranong,none,high,unmeasured
province,ranong,ระนอง,Ranong,south,P1-core,solar cell Ranong,commercial,consideration,/solar-carport/ranong,none,medium,unmeasured
province,ranong,ระนอง,Ranong,south,P1-core,บริษัทรับติดตั้งโซลาร์เซลล์ระนอง,commercial,consideration,/solar-carport/ranong,legal_entity,medium,unmeasured
province,ranong,ระนอง,Ranong,south,P2-commercial,ราคาติดตั้งโซลาร์เซลล์ระนอง,transactional,decision,/solar-carport/ranong,site_survey_quote,high,unmeasured
province,ranong,ระนอง,Ranong,south,P2-commercial,ราคาโซลาร์เซลล์ระนอง,transactional,decision,/solar-carport/ranong,site_survey_quote,high,unmeasured
province,ranong,ระนอง,Ranong,south,P2-commercial,โซลาร์เซลล์โรงงานระนอง,commercial,consideration,/solar-carport/ranong/factory,site_survey_quote,high,unmeasured
province,ranong,ระนอง,Ranong,south,P2-commercial,โซลาร์เซลล์โรงแรมระนอง,commercial,consideration,/solar-carport/ranong/hotel,site_survey_quote,high,unmeasured
province,ranong,ระนอง,Ranong,south,P2-commercial,โซลาร์เซลล์อาคารพาณิชย์ระนอง,commercial,consideration,/solar-carport/ranong/commercial,site_survey_quote,medium,unmeasured
province,ranong,ระนอง,Ranong,south,P2-commercial,ช่างโซลาร์ระนอง,commercial,consideration,/contact,certified_claims_review,low,unmeasured
province,ranong,ระนอง,Ranong,south,P3-cluster,สถานีชาร์จรถยนต์ไฟฟ้าระนอง,commercial,consideration,/solar-carport/ranong/ev,site_survey_quote,medium,unmeasured
province,ranong,ระนอง,Ranong,south,P3-cluster,EV charger Ranong,commercial,consideration,/solar-carport/ranong/ev,site_survey_quote,medium,unmeasured
province,ranong,ระนอง,Ranong,south,P3-cluster,BESS ระนอง,commercial,consideration,/solar-carport/ranong/bess,site_survey_quote,medium,unmeasured
province,ranong,ระนอง,Ranong,south,P4-aeo,ติดตั้งโซลาร์เซลล์ระนอง คุ้มไหม,informational,awareness,/solar-carport/ranong,site_survey_quote,high,unmeasured
province,ranong,ระนอง,Ranong,south,P4-aeo,โซลาร์เซลล์ระนอง ราคาเท่าไหร่,informational,awareness,/solar-carport/ranong,site_survey_quote,high,unmeasured
province,ranong,ระนอง,Ranong,south,P4-aeo,โซลาร์เซลล์ระนอง คืนทุนกี่ปี,informational,awareness,/solar-carport/ranong,site_survey_quote,high,unmeasured
province,ranong,ระนอง,Ranong,south,P4-aeo,ขั้นตอนติดตั้งโซลาร์เซลล์ระนอง,informational,consideration,/solar-carport/ranong,permit_process_source,medium,unmeasured
province,ranong,ระนอง,Ranong,south,P4-aeo,ต้องขออนุญาตอะไรบ้าง ระนอง,informational,consideration,/solar-carport/ranong,permit_process_source,medium,unmeasured
province,ranong,ระนอง,Ranong,south,P4-aeo,Solar Carport ในระนอง ต่างจาก Solar Rooftop อย่างไร,informational,awareness,/solar-carport/ranong,none,medium,unmeasured
province,ranong,ระนอง,Ranong,south,P4-aeo,บริษัทโซลาร์เซลล์ระนอง ที่ไหนดี,informational,consideration,/projects,review_source,low,unmeasured
province,ranong,ระนอง,Ranong,south,P4-aeo,ระบบไฟฟ้า ระนอง เป็น PEA หรือ MEA,informational,consideration,/solar-carport/ranong,utility_official_source,medium,unmeasured
province,ratchaburi,ราชบุรี,Ratchaburi,west,P1-core,ติดตั้งโซลาร์เซลล์ราชบุรี,commercial,consideration,/solar-carport/ratchaburi,site_survey_quote,high,unmeasured
province,ratchaburi,ราชบุรี,Ratchaburi,west,P1-core,โซลาร์เซลล์ราชบุรี,commercial,consideration,/solar-carport/ratchaburi,none,high,unmeasured
province,ratchaburi,ราชบุรี,Ratchaburi,west,P1-core,โซลาร์คาร์พอร์ตราชบุรี,commercial,consideration,/solar-carport/ratchaburi,none,high,unmeasured
province,ratchaburi,ราชบุรี,Ratchaburi,west,P1-core,solar cell Ratchaburi,commercial,consideration,/solar-carport/ratchaburi,none,medium,unmeasured
province,ratchaburi,ราชบุรี,Ratchaburi,west,P1-core,บริษัทรับติดตั้งโซลาร์เซลล์ราชบุรี,commercial,consideration,/solar-carport/ratchaburi,legal_entity,medium,unmeasured
province,ratchaburi,ราชบุรี,Ratchaburi,west,P2-commercial,ราคาติดตั้งโซลาร์เซลล์ราชบุรี,transactional,decision,/solar-carport/ratchaburi,site_survey_quote,high,unmeasured
province,ratchaburi,ราชบุรี,Ratchaburi,west,P2-commercial,ราคาโซลาร์เซลล์ราชบุรี,transactional,decision,/solar-carport/ratchaburi,site_survey_quote,high,unmeasured
province,ratchaburi,ราชบุรี,Ratchaburi,west,P2-commercial,โซลาร์เซลล์โรงงานราชบุรี,commercial,consideration,/solar-carport/ratchaburi/factory,site_survey_quote,high,unmeasured
province,ratchaburi,ราชบุรี,Ratchaburi,west,P2-commercial,โซลาร์เซลล์โรงแรมราชบุรี,commercial,consideration,/solar-carport/ratchaburi/hotel,site_survey_quote,high,unmeasured
province,ratchaburi,ราชบุรี,Ratchaburi,west,P2-commercial,โซลาร์เซลล์อาคารพาณิชย์ราชบุรี,commercial,consideration,/solar-carport/ratchaburi/commercial,site_survey_quote,medium,unmeasured
province,ratchaburi,ราชบุรี,Ratchaburi,west,P2-commercial,ช่างโซลาร์ราชบุรี,commercial,consideration,/contact,certified_claims_review,low,unmeasured
province,ratchaburi,ราชบุรี,Ratchaburi,west,P3-cluster,สถานีชาร์จรถยนต์ไฟฟ้าราชบุรี,commercial,consideration,/solar-carport/ratchaburi/ev,site_survey_quote,medium,unmeasured
province,ratchaburi,ราชบุรี,Ratchaburi,west,P3-cluster,EV charger Ratchaburi,commercial,consideration,/solar-carport/ratchaburi/ev,site_survey_quote,medium,unmeasured
province,ratchaburi,ราชบุรี,Ratchaburi,west,P3-cluster,BESS ราชบุรี,commercial,consideration,/solar-carport/ratchaburi/bess,site_survey_quote,medium,unmeasured
province,ratchaburi,ราชบุรี,Ratchaburi,west,P4-aeo,ติดตั้งโซลาร์เซลล์ราชบุรี คุ้มไหม,informational,awareness,/solar-carport/ratchaburi,site_survey_quote,high,unmeasured
province,ratchaburi,ราชบุรี,Ratchaburi,west,P4-aeo,โซลาร์เซลล์ราชบุรี ราคาเท่าไหร่,informational,awareness,/solar-carport/ratchaburi,site_survey_quote,high,unmeasured
province,ratchaburi,ราชบุรี,Ratchaburi,west,P4-aeo,โซลาร์เซลล์ราชบุรี คืนทุนกี่ปี,informational,awareness,/solar-carport/ratchaburi,site_survey_quote,high,unmeasured
province,ratchaburi,ราชบุรี,Ratchaburi,west,P4-aeo,ขั้นตอนติดตั้งโซลาร์เซลล์ราชบุรี,informational,consideration,/solar-carport/ratchaburi,permit_process_source,medium,unmeasured
province,ratchaburi,ราชบุรี,Ratchaburi,west,P4-aeo,ต้องขออนุญาตอะไรบ้าง ราชบุรี,informational,consideration,/solar-carport/ratchaburi,permit_process_source,medium,unmeasured
province,ratchaburi,ราชบุรี,Ratchaburi,west,P4-aeo,Solar Carport ในราชบุรี ต่างจาก Solar Rooftop อย่างไร,informational,awareness,/solar-carport/ratchaburi,none,medium,unmeasured
province,ratchaburi,ราชบุรี,Ratchaburi,west,P4-aeo,บริษัทโซลาร์เซลล์ราชบุรี ที่ไหนดี,informational,consideration,/projects,review_source,low,unmeasured
province,ratchaburi,ราชบุรี,Ratchaburi,west,P4-aeo,ระบบไฟฟ้า ราชบุรี เป็น PEA หรือ MEA,informational,consideration,/solar-carport/ratchaburi,utility_official_source,medium,unmeasured
province,rayong,ระยอง,Rayong,east,P1-core,ติดตั้งโซลาร์เซลล์ระยอง,commercial,consideration,/solar-carport/rayong,site_survey_quote,high,unmeasured
province,rayong,ระยอง,Rayong,east,P1-core,โซลาร์เซลล์ระยอง,commercial,consideration,/solar-carport/rayong,none,high,unmeasured
province,rayong,ระยอง,Rayong,east,P1-core,โซลาร์คาร์พอร์ตระยอง,commercial,consideration,/solar-carport/rayong,none,high,unmeasured
province,rayong,ระยอง,Rayong,east,P1-core,solar cell Rayong,commercial,consideration,/solar-carport/rayong,none,medium,unmeasured
province,rayong,ระยอง,Rayong,east,P1-core,บริษัทรับติดตั้งโซลาร์เซลล์ระยอง,commercial,consideration,/solar-carport/rayong,legal_entity,medium,unmeasured
province,rayong,ระยอง,Rayong,east,P2-commercial,ราคาติดตั้งโซลาร์เซลล์ระยอง,transactional,decision,/solar-carport/rayong,site_survey_quote,high,unmeasured
province,rayong,ระยอง,Rayong,east,P2-commercial,ราคาโซลาร์เซลล์ระยอง,transactional,decision,/solar-carport/rayong,site_survey_quote,high,unmeasured
province,rayong,ระยอง,Rayong,east,P2-commercial,โซลาร์เซลล์โรงงานระยอง,commercial,consideration,/solar-carport/rayong/factory,site_survey_quote,high,unmeasured
province,rayong,ระยอง,Rayong,east,P2-commercial,โซลาร์เซลล์โรงแรมระยอง,commercial,consideration,/solar-carport/rayong/hotel,site_survey_quote,high,unmeasured
province,rayong,ระยอง,Rayong,east,P2-commercial,โซลาร์เซลล์อาคารพาณิชย์ระยอง,commercial,consideration,/solar-carport/rayong/commercial,site_survey_quote,medium,unmeasured
province,rayong,ระยอง,Rayong,east,P2-commercial,ช่างโซลาร์ระยอง,commercial,consideration,/contact,certified_claims_review,low,unmeasured
province,rayong,ระยอง,Rayong,east,P3-cluster,สถานีชาร์จรถยนต์ไฟฟ้าระยอง,commercial,consideration,/solar-carport/rayong/ev,site_survey_quote,medium,unmeasured
province,rayong,ระยอง,Rayong,east,P3-cluster,EV charger Rayong,commercial,consideration,/solar-carport/rayong/ev,site_survey_quote,medium,unmeasured
province,rayong,ระยอง,Rayong,east,P3-cluster,BESS ระยอง,commercial,consideration,/solar-carport/rayong/bess,site_survey_quote,medium,unmeasured
province,rayong,ระยอง,Rayong,east,P4-aeo,ติดตั้งโซลาร์เซลล์ระยอง คุ้มไหม,informational,awareness,/solar-carport/rayong,site_survey_quote,high,unmeasured
province,rayong,ระยอง,Rayong,east,P4-aeo,โซลาร์เซลล์ระยอง ราคาเท่าไหร่,informational,awareness,/solar-carport/rayong,site_survey_quote,high,unmeasured
province,rayong,ระยอง,Rayong,east,P4-aeo,โซลาร์เซลล์ระยอง คืนทุนกี่ปี,informational,awareness,/solar-carport/rayong,site_survey_quote,high,unmeasured
province,rayong,ระยอง,Rayong,east,P4-aeo,ขั้นตอนติดตั้งโซลาร์เซลล์ระยอง,informational,consideration,/solar-carport/rayong,permit_process_source,medium,unmeasured
province,rayong,ระยอง,Rayong,east,P4-aeo,ต้องขออนุญาตอะไรบ้าง ระยอง,informational,consideration,/solar-carport/rayong,permit_process_source,medium,unmeasured
province,rayong,ระยอง,Rayong,east,P4-aeo,Solar Carport ในระยอง ต่างจาก Solar Rooftop อย่างไร,informational,awareness,/solar-carport/rayong,none,medium,unmeasured
province,rayong,ระยอง,Rayong,east,P4-aeo,บริษัทโซลาร์เซลล์ระยอง ที่ไหนดี,informational,consideration,/projects,review_source,low,unmeasured
province,rayong,ระยอง,Rayong,east,P4-aeo,ระบบไฟฟ้า ระยอง เป็น PEA หรือ MEA,informational,consideration,/solar-carport/rayong,utility_official_source,medium,unmeasured
province,roi-et,ร้อยเอ็ด,Roi Et,northeast,P1-core,ติดตั้งโซลาร์เซลล์ร้อยเอ็ด,commercial,consideration,/solar-carport/roi-et,site_survey_quote,high,unmeasured
province,roi-et,ร้อยเอ็ด,Roi Et,northeast,P1-core,โซลาร์เซลล์ร้อยเอ็ด,commercial,consideration,/solar-carport/roi-et,none,high,unmeasured
province,roi-et,ร้อยเอ็ด,Roi Et,northeast,P1-core,โซลาร์คาร์พอร์ตร้อยเอ็ด,commercial,consideration,/solar-carport/roi-et,none,high,unmeasured
province,roi-et,ร้อยเอ็ด,Roi Et,northeast,P1-core,solar cell Roi Et,commercial,consideration,/solar-carport/roi-et,none,medium,unmeasured
province,roi-et,ร้อยเอ็ด,Roi Et,northeast,P1-core,บริษัทรับติดตั้งโซลาร์เซลล์ร้อยเอ็ด,commercial,consideration,/solar-carport/roi-et,legal_entity,medium,unmeasured
province,roi-et,ร้อยเอ็ด,Roi Et,northeast,P2-commercial,ราคาติดตั้งโซลาร์เซลล์ร้อยเอ็ด,transactional,decision,/solar-carport/roi-et,site_survey_quote,high,unmeasured
province,roi-et,ร้อยเอ็ด,Roi Et,northeast,P2-commercial,ราคาโซลาร์เซลล์ร้อยเอ็ด,transactional,decision,/solar-carport/roi-et,site_survey_quote,high,unmeasured
province,roi-et,ร้อยเอ็ด,Roi Et,northeast,P2-commercial,โซลาร์เซลล์โรงงานร้อยเอ็ด,commercial,consideration,/solar-carport/roi-et/factory,site_survey_quote,high,unmeasured
province,roi-et,ร้อยเอ็ด,Roi Et,northeast,P2-commercial,โซลาร์เซลล์โรงแรมร้อยเอ็ด,commercial,consideration,/solar-carport/roi-et/hotel,site_survey_quote,high,unmeasured
province,roi-et,ร้อยเอ็ด,Roi Et,northeast,P2-commercial,โซลาร์เซลล์อาคารพาณิชย์ร้อยเอ็ด,commercial,consideration,/solar-carport/roi-et/commercial,site_survey_quote,medium,unmeasured
province,roi-et,ร้อยเอ็ด,Roi Et,northeast,P2-commercial,ช่างโซลาร์ร้อยเอ็ด,commercial,consideration,/contact,certified_claims_review,low,unmeasured
province,roi-et,ร้อยเอ็ด,Roi Et,northeast,P3-cluster,สถานีชาร์จรถยนต์ไฟฟ้าร้อยเอ็ด,commercial,consideration,/solar-carport/roi-et/ev,site_survey_quote,medium,unmeasured
province,roi-et,ร้อยเอ็ด,Roi Et,northeast,P3-cluster,EV charger Roi Et,commercial,consideration,/solar-carport/roi-et/ev,site_survey_quote,medium,unmeasured
province,roi-et,ร้อยเอ็ด,Roi Et,northeast,P3-cluster,BESS ร้อยเอ็ด,commercial,consideration,/solar-carport/roi-et/bess,site_survey_quote,medium,unmeasured
province,roi-et,ร้อยเอ็ด,Roi Et,northeast,P4-aeo,ติดตั้งโซลาร์เซลล์ร้อยเอ็ด คุ้มไหม,informational,awareness,/solar-carport/roi-et,site_survey_quote,high,unmeasured
province,roi-et,ร้อยเอ็ด,Roi Et,northeast,P4-aeo,โซลาร์เซลล์ร้อยเอ็ด ราคาเท่าไหร่,informational,awareness,/solar-carport/roi-et,site_survey_quote,high,unmeasured
province,roi-et,ร้อยเอ็ด,Roi Et,northeast,P4-aeo,โซลาร์เซลล์ร้อยเอ็ด คืนทุนกี่ปี,informational,awareness,/solar-carport/roi-et,site_survey_quote,high,unmeasured
province,roi-et,ร้อยเอ็ด,Roi Et,northeast,P4-aeo,ขั้นตอนติดตั้งโซลาร์เซลล์ร้อยเอ็ด,informational,consideration,/solar-carport/roi-et,permit_process_source,medium,unmeasured
province,roi-et,ร้อยเอ็ด,Roi Et,northeast,P4-aeo,ต้องขออนุญาตอะไรบ้าง ร้อยเอ็ด,informational,consideration,/solar-carport/roi-et,permit_process_source,medium,unmeasured
province,roi-et,ร้อยเอ็ด,Roi Et,northeast,P4-aeo,Solar Carport ในร้อยเอ็ด ต่างจาก Solar Rooftop อย่างไร,informational,awareness,/solar-carport/roi-et,none,medium,unmeasured
province,roi-et,ร้อยเอ็ด,Roi Et,northeast,P4-aeo,บริษัทโซลาร์เซลล์ร้อยเอ็ด ที่ไหนดี,informational,consideration,/projects,review_source,low,unmeasured
province,roi-et,ร้อยเอ็ด,Roi Et,northeast,P4-aeo,ระบบไฟฟ้า ร้อยเอ็ด เป็น PEA หรือ MEA,informational,consideration,/solar-carport/roi-et,utility_official_source,medium,unmeasured
province,sa-kaeo,สระแก้ว,Sa Kaeo,east,P1-core,ติดตั้งโซลาร์เซลล์สระแก้ว,commercial,consideration,/solar-carport/sa-kaeo,site_survey_quote,high,unmeasured
province,sa-kaeo,สระแก้ว,Sa Kaeo,east,P1-core,โซลาร์เซลล์สระแก้ว,commercial,consideration,/solar-carport/sa-kaeo,none,high,unmeasured
province,sa-kaeo,สระแก้ว,Sa Kaeo,east,P1-core,โซลาร์คาร์พอร์ตสระแก้ว,commercial,consideration,/solar-carport/sa-kaeo,none,high,unmeasured
province,sa-kaeo,สระแก้ว,Sa Kaeo,east,P1-core,solar cell Sa Kaeo,commercial,consideration,/solar-carport/sa-kaeo,none,medium,unmeasured
province,sa-kaeo,สระแก้ว,Sa Kaeo,east,P1-core,บริษัทรับติดตั้งโซลาร์เซลล์สระแก้ว,commercial,consideration,/solar-carport/sa-kaeo,legal_entity,medium,unmeasured
province,sa-kaeo,สระแก้ว,Sa Kaeo,east,P2-commercial,ราคาติดตั้งโซลาร์เซลล์สระแก้ว,transactional,decision,/solar-carport/sa-kaeo,site_survey_quote,high,unmeasured
province,sa-kaeo,สระแก้ว,Sa Kaeo,east,P2-commercial,ราคาโซลาร์เซลล์สระแก้ว,transactional,decision,/solar-carport/sa-kaeo,site_survey_quote,high,unmeasured
province,sa-kaeo,สระแก้ว,Sa Kaeo,east,P2-commercial,โซลาร์เซลล์โรงงานสระแก้ว,commercial,consideration,/solar-carport/sa-kaeo/factory,site_survey_quote,high,unmeasured
province,sa-kaeo,สระแก้ว,Sa Kaeo,east,P2-commercial,โซลาร์เซลล์โรงแรมสระแก้ว,commercial,consideration,/solar-carport/sa-kaeo/hotel,site_survey_quote,high,unmeasured
province,sa-kaeo,สระแก้ว,Sa Kaeo,east,P2-commercial,โซลาร์เซลล์อาคารพาณิชย์สระแก้ว,commercial,consideration,/solar-carport/sa-kaeo/commercial,site_survey_quote,medium,unmeasured
province,sa-kaeo,สระแก้ว,Sa Kaeo,east,P2-commercial,ช่างโซลาร์สระแก้ว,commercial,consideration,/contact,certified_claims_review,low,unmeasured
province,sa-kaeo,สระแก้ว,Sa Kaeo,east,P3-cluster,สถานีชาร์จรถยนต์ไฟฟ้าสระแก้ว,commercial,consideration,/solar-carport/sa-kaeo/ev,site_survey_quote,medium,unmeasured
province,sa-kaeo,สระแก้ว,Sa Kaeo,east,P3-cluster,EV charger Sa Kaeo,commercial,consideration,/solar-carport/sa-kaeo/ev,site_survey_quote,medium,unmeasured
province,sa-kaeo,สระแก้ว,Sa Kaeo,east,P3-cluster,BESS สระแก้ว,commercial,consideration,/solar-carport/sa-kaeo/bess,site_survey_quote,medium,unmeasured
province,sa-kaeo,สระแก้ว,Sa Kaeo,east,P4-aeo,ติดตั้งโซลาร์เซลล์สระแก้ว คุ้มไหม,informational,awareness,/solar-carport/sa-kaeo,site_survey_quote,high,unmeasured
province,sa-kaeo,สระแก้ว,Sa Kaeo,east,P4-aeo,โซลาร์เซลล์สระแก้ว ราคาเท่าไหร่,informational,awareness,/solar-carport/sa-kaeo,site_survey_quote,high,unmeasured
province,sa-kaeo,สระแก้ว,Sa Kaeo,east,P4-aeo,โซลาร์เซลล์สระแก้ว คืนทุนกี่ปี,informational,awareness,/solar-carport/sa-kaeo,site_survey_quote,high,unmeasured
province,sa-kaeo,สระแก้ว,Sa Kaeo,east,P4-aeo,ขั้นตอนติดตั้งโซลาร์เซลล์สระแก้ว,informational,consideration,/solar-carport/sa-kaeo,permit_process_source,medium,unmeasured
province,sa-kaeo,สระแก้ว,Sa Kaeo,east,P4-aeo,ต้องขออนุญาตอะไรบ้าง สระแก้ว,informational,consideration,/solar-carport/sa-kaeo,permit_process_source,medium,unmeasured
province,sa-kaeo,สระแก้ว,Sa Kaeo,east,P4-aeo,Solar Carport ในสระแก้ว ต่างจาก Solar Rooftop อย่างไร,informational,awareness,/solar-carport/sa-kaeo,none,medium,unmeasured
province,sa-kaeo,สระแก้ว,Sa Kaeo,east,P4-aeo,บริษัทโซลาร์เซลล์สระแก้ว ที่ไหนดี,informational,consideration,/projects,review_source,low,unmeasured
province,sa-kaeo,สระแก้ว,Sa Kaeo,east,P4-aeo,ระบบไฟฟ้า สระแก้ว เป็น PEA หรือ MEA,informational,consideration,/solar-carport/sa-kaeo,utility_official_source,medium,unmeasured
province,sakon-nakhon,สกลนคร,Sakon Nakhon,northeast,P1-core,ติดตั้งโซลาร์เซลล์สกลนคร,commercial,consideration,/solar-carport/sakon-nakhon,site_survey_quote,high,unmeasured
province,sakon-nakhon,สกลนคร,Sakon Nakhon,northeast,P1-core,โซลาร์เซลล์สกลนคร,commercial,consideration,/solar-carport/sakon-nakhon,none,high,unmeasured
province,sakon-nakhon,สกลนคร,Sakon Nakhon,northeast,P1-core,โซลาร์คาร์พอร์ตสกลนคร,commercial,consideration,/solar-carport/sakon-nakhon,none,high,unmeasured
province,sakon-nakhon,สกลนคร,Sakon Nakhon,northeast,P1-core,solar cell Sakon Nakhon,commercial,consideration,/solar-carport/sakon-nakhon,none,medium,unmeasured
province,sakon-nakhon,สกลนคร,Sakon Nakhon,northeast,P1-core,บริษัทรับติดตั้งโซลาร์เซลล์สกลนคร,commercial,consideration,/solar-carport/sakon-nakhon,legal_entity,medium,unmeasured
province,sakon-nakhon,สกลนคร,Sakon Nakhon,northeast,P2-commercial,ราคาติดตั้งโซลาร์เซลล์สกลนคร,transactional,decision,/solar-carport/sakon-nakhon,site_survey_quote,high,unmeasured
province,sakon-nakhon,สกลนคร,Sakon Nakhon,northeast,P2-commercial,ราคาโซลาร์เซลล์สกลนคร,transactional,decision,/solar-carport/sakon-nakhon,site_survey_quote,high,unmeasured
province,sakon-nakhon,สกลนคร,Sakon Nakhon,northeast,P2-commercial,โซลาร์เซลล์โรงงานสกลนคร,commercial,consideration,/solar-carport/sakon-nakhon/factory,site_survey_quote,high,unmeasured
province,sakon-nakhon,สกลนคร,Sakon Nakhon,northeast,P2-commercial,โซลาร์เซลล์โรงแรมสกลนคร,commercial,consideration,/solar-carport/sakon-nakhon/hotel,site_survey_quote,high,unmeasured
province,sakon-nakhon,สกลนคร,Sakon Nakhon,northeast,P2-commercial,โซลาร์เซลล์อาคารพาณิชย์สกลนคร,commercial,consideration,/solar-carport/sakon-nakhon/commercial,site_survey_quote,medium,unmeasured
province,sakon-nakhon,สกลนคร,Sakon Nakhon,northeast,P2-commercial,ช่างโซลาร์สกลนคร,commercial,consideration,/contact,certified_claims_review,low,unmeasured
province,sakon-nakhon,สกลนคร,Sakon Nakhon,northeast,P3-cluster,สถานีชาร์จรถยนต์ไฟฟ้าสกลนคร,commercial,consideration,/solar-carport/sakon-nakhon/ev,site_survey_quote,medium,unmeasured
province,sakon-nakhon,สกลนคร,Sakon Nakhon,northeast,P3-cluster,EV charger Sakon Nakhon,commercial,consideration,/solar-carport/sakon-nakhon/ev,site_survey_quote,medium,unmeasured
province,sakon-nakhon,สกลนคร,Sakon Nakhon,northeast,P3-cluster,BESS สกลนคร,commercial,consideration,/solar-carport/sakon-nakhon/bess,site_survey_quote,medium,unmeasured
province,sakon-nakhon,สกลนคร,Sakon Nakhon,northeast,P4-aeo,ติดตั้งโซลาร์เซลล์สกลนคร คุ้มไหม,informational,awareness,/solar-carport/sakon-nakhon,site_survey_quote,high,unmeasured
province,sakon-nakhon,สกลนคร,Sakon Nakhon,northeast,P4-aeo,โซลาร์เซลล์สกลนคร ราคาเท่าไหร่,informational,awareness,/solar-carport/sakon-nakhon,site_survey_quote,high,unmeasured
province,sakon-nakhon,สกลนคร,Sakon Nakhon,northeast,P4-aeo,โซลาร์เซลล์สกลนคร คืนทุนกี่ปี,informational,awareness,/solar-carport/sakon-nakhon,site_survey_quote,high,unmeasured
province,sakon-nakhon,สกลนคร,Sakon Nakhon,northeast,P4-aeo,ขั้นตอนติดตั้งโซลาร์เซลล์สกลนคร,informational,consideration,/solar-carport/sakon-nakhon,permit_process_source,medium,unmeasured
province,sakon-nakhon,สกลนคร,Sakon Nakhon,northeast,P4-aeo,ต้องขออนุญาตอะไรบ้าง สกลนคร,informational,consideration,/solar-carport/sakon-nakhon,permit_process_source,medium,unmeasured
province,sakon-nakhon,สกลนคร,Sakon Nakhon,northeast,P4-aeo,Solar Carport ในสกลนคร ต่างจาก Solar Rooftop อย่างไร,informational,awareness,/solar-carport/sakon-nakhon,none,medium,unmeasured
province,sakon-nakhon,สกลนคร,Sakon Nakhon,northeast,P4-aeo,บริษัทโซลาร์เซลล์สกลนคร ที่ไหนดี,informational,consideration,/projects,review_source,low,unmeasured
province,sakon-nakhon,สกลนคร,Sakon Nakhon,northeast,P4-aeo,ระบบไฟฟ้า สกลนคร เป็น PEA หรือ MEA,informational,consideration,/solar-carport/sakon-nakhon,utility_official_source,medium,unmeasured
province,samut-prakan,สมุทรปราการ,Samut Prakan,central,P1-core,ติดตั้งโซลาร์เซลล์สมุทรปราการ,commercial,consideration,/solar-carport/samut-prakan,site_survey_quote,high,unmeasured
province,samut-prakan,สมุทรปราการ,Samut Prakan,central,P1-core,โซลาร์เซลล์สมุทรปราการ,commercial,consideration,/solar-carport/samut-prakan,none,high,unmeasured
province,samut-prakan,สมุทรปราการ,Samut Prakan,central,P1-core,โซลาร์คาร์พอร์ตสมุทรปราการ,commercial,consideration,/solar-carport/samut-prakan,none,high,unmeasured
province,samut-prakan,สมุทรปราการ,Samut Prakan,central,P1-core,solar cell Samut Prakan,commercial,consideration,/solar-carport/samut-prakan,none,medium,unmeasured
province,samut-prakan,สมุทรปราการ,Samut Prakan,central,P1-core,บริษัทรับติดตั้งโซลาร์เซลล์สมุทรปราการ,commercial,consideration,/solar-carport/samut-prakan,legal_entity,medium,unmeasured
province,samut-prakan,สมุทรปราการ,Samut Prakan,central,P2-commercial,ราคาติดตั้งโซลาร์เซลล์สมุทรปราการ,transactional,decision,/solar-carport/samut-prakan,site_survey_quote,high,unmeasured
province,samut-prakan,สมุทรปราการ,Samut Prakan,central,P2-commercial,ราคาโซลาร์เซลล์สมุทรปราการ,transactional,decision,/solar-carport/samut-prakan,site_survey_quote,high,unmeasured
province,samut-prakan,สมุทรปราการ,Samut Prakan,central,P2-commercial,โซลาร์เซลล์โรงงานสมุทรปราการ,commercial,consideration,/solar-carport/samut-prakan/factory,site_survey_quote,high,unmeasured
province,samut-prakan,สมุทรปราการ,Samut Prakan,central,P2-commercial,โซลาร์เซลล์โรงแรมสมุทรปราการ,commercial,consideration,/solar-carport/samut-prakan/hotel,site_survey_quote,high,unmeasured
province,samut-prakan,สมุทรปราการ,Samut Prakan,central,P2-commercial,โซลาร์เซลล์อาคารพาณิชย์สมุทรปราการ,commercial,consideration,/solar-carport/samut-prakan/commercial,site_survey_quote,medium,unmeasured
province,samut-prakan,สมุทรปราการ,Samut Prakan,central,P2-commercial,ช่างโซลาร์สมุทรปราการ,commercial,consideration,/contact,certified_claims_review,low,unmeasured
province,samut-prakan,สมุทรปราการ,Samut Prakan,central,P3-cluster,สถานีชาร์จรถยนต์ไฟฟ้าสมุทรปราการ,commercial,consideration,/solar-carport/samut-prakan/ev,site_survey_quote,medium,unmeasured
province,samut-prakan,สมุทรปราการ,Samut Prakan,central,P3-cluster,EV charger Samut Prakan,commercial,consideration,/solar-carport/samut-prakan/ev,site_survey_quote,medium,unmeasured
province,samut-prakan,สมุทรปราการ,Samut Prakan,central,P3-cluster,BESS สมุทรปราการ,commercial,consideration,/solar-carport/samut-prakan/bess,site_survey_quote,medium,unmeasured
province,samut-prakan,สมุทรปราการ,Samut Prakan,central,P4-aeo,ติดตั้งโซลาร์เซลล์สมุทรปราการ คุ้มไหม,informational,awareness,/solar-carport/samut-prakan,site_survey_quote,high,unmeasured
province,samut-prakan,สมุทรปราการ,Samut Prakan,central,P4-aeo,โซลาร์เซลล์สมุทรปราการ ราคาเท่าไหร่,informational,awareness,/solar-carport/samut-prakan,site_survey_quote,high,unmeasured
province,samut-prakan,สมุทรปราการ,Samut Prakan,central,P4-aeo,โซลาร์เซลล์สมุทรปราการ คืนทุนกี่ปี,informational,awareness,/solar-carport/samut-prakan,site_survey_quote,high,unmeasured
province,samut-prakan,สมุทรปราการ,Samut Prakan,central,P4-aeo,ขั้นตอนติดตั้งโซลาร์เซลล์สมุทรปราการ,informational,consideration,/solar-carport/samut-prakan,permit_process_source,medium,unmeasured
province,samut-prakan,สมุทรปราการ,Samut Prakan,central,P4-aeo,ต้องขออนุญาตอะไรบ้าง สมุทรปราการ,informational,consideration,/solar-carport/samut-prakan,permit_process_source,medium,unmeasured
province,samut-prakan,สมุทรปราการ,Samut Prakan,central,P4-aeo,Solar Carport ในสมุทรปราการ ต่างจาก Solar Rooftop อย่างไร,informational,awareness,/solar-carport/samut-prakan,none,medium,unmeasured
province,samut-prakan,สมุทรปราการ,Samut Prakan,central,P4-aeo,บริษัทโซลาร์เซลล์สมุทรปราการ ที่ไหนดี,informational,consideration,/projects,review_source,low,unmeasured
province,samut-prakan,สมุทรปราการ,Samut Prakan,central,P4-aeo,ระบบไฟฟ้า สมุทรปราการ เป็น PEA หรือ MEA,informational,consideration,/solar-carport/samut-prakan,utility_official_source,medium,unmeasured
province,samut-sakhon,สมุทรสาคร,Samut Sakhon,central,P1-core,ติดตั้งโซลาร์เซลล์สมุทรสาคร,commercial,consideration,/solar-carport/samut-sakhon,site_survey_quote,high,unmeasured
province,samut-sakhon,สมุทรสาคร,Samut Sakhon,central,P1-core,โซลาร์เซลล์สมุทรสาคร,commercial,consideration,/solar-carport/samut-sakhon,none,high,unmeasured
province,samut-sakhon,สมุทรสาคร,Samut Sakhon,central,P1-core,โซลาร์คาร์พอร์ตสมุทรสาคร,commercial,consideration,/solar-carport/samut-sakhon,none,high,unmeasured
province,samut-sakhon,สมุทรสาคร,Samut Sakhon,central,P1-core,solar cell Samut Sakhon,commercial,consideration,/solar-carport/samut-sakhon,none,medium,unmeasured
province,samut-sakhon,สมุทรสาคร,Samut Sakhon,central,P1-core,บริษัทรับติดตั้งโซลาร์เซลล์สมุทรสาคร,commercial,consideration,/solar-carport/samut-sakhon,legal_entity,medium,unmeasured
province,samut-sakhon,สมุทรสาคร,Samut Sakhon,central,P2-commercial,ราคาติดตั้งโซลาร์เซลล์สมุทรสาคร,transactional,decision,/solar-carport/samut-sakhon,site_survey_quote,high,unmeasured
province,samut-sakhon,สมุทรสาคร,Samut Sakhon,central,P2-commercial,ราคาโซลาร์เซลล์สมุทรสาคร,transactional,decision,/solar-carport/samut-sakhon,site_survey_quote,high,unmeasured
province,samut-sakhon,สมุทรสาคร,Samut Sakhon,central,P2-commercial,โซลาร์เซลล์โรงงานสมุทรสาคร,commercial,consideration,/solar-carport/samut-sakhon/factory,site_survey_quote,high,unmeasured
province,samut-sakhon,สมุทรสาคร,Samut Sakhon,central,P2-commercial,โซลาร์เซลล์โรงแรมสมุทรสาคร,commercial,consideration,/solar-carport/samut-sakhon/hotel,site_survey_quote,high,unmeasured
province,samut-sakhon,สมุทรสาคร,Samut Sakhon,central,P2-commercial,โซลาร์เซลล์อาคารพาณิชย์สมุทรสาคร,commercial,consideration,/solar-carport/samut-sakhon/commercial,site_survey_quote,medium,unmeasured
province,samut-sakhon,สมุทรสาคร,Samut Sakhon,central,P2-commercial,ช่างโซลาร์สมุทรสาคร,commercial,consideration,/contact,certified_claims_review,low,unmeasured
province,samut-sakhon,สมุทรสาคร,Samut Sakhon,central,P3-cluster,สถานีชาร์จรถยนต์ไฟฟ้าสมุทรสาคร,commercial,consideration,/solar-carport/samut-sakhon/ev,site_survey_quote,medium,unmeasured
province,samut-sakhon,สมุทรสาคร,Samut Sakhon,central,P3-cluster,EV charger Samut Sakhon,commercial,consideration,/solar-carport/samut-sakhon/ev,site_survey_quote,medium,unmeasured
province,samut-sakhon,สมุทรสาคร,Samut Sakhon,central,P3-cluster,BESS สมุทรสาคร,commercial,consideration,/solar-carport/samut-sakhon/bess,site_survey_quote,medium,unmeasured
province,samut-sakhon,สมุทรสาคร,Samut Sakhon,central,P4-aeo,ติดตั้งโซลาร์เซลล์สมุทรสาคร คุ้มไหม,informational,awareness,/solar-carport/samut-sakhon,site_survey_quote,high,unmeasured
province,samut-sakhon,สมุทรสาคร,Samut Sakhon,central,P4-aeo,โซลาร์เซลล์สมุทรสาคร ราคาเท่าไหร่,informational,awareness,/solar-carport/samut-sakhon,site_survey_quote,high,unmeasured
province,samut-sakhon,สมุทรสาคร,Samut Sakhon,central,P4-aeo,โซลาร์เซลล์สมุทรสาคร คืนทุนกี่ปี,informational,awareness,/solar-carport/samut-sakhon,site_survey_quote,high,unmeasured
province,samut-sakhon,สมุทรสาคร,Samut Sakhon,central,P4-aeo,ขั้นตอนติดตั้งโซลาร์เซลล์สมุทรสาคร,informational,consideration,/solar-carport/samut-sakhon,permit_process_source,medium,unmeasured
province,samut-sakhon,สมุทรสาคร,Samut Sakhon,central,P4-aeo,ต้องขออนุญาตอะไรบ้าง สมุทรสาคร,informational,consideration,/solar-carport/samut-sakhon,permit_process_source,medium,unmeasured
province,samut-sakhon,สมุทรสาคร,Samut Sakhon,central,P4-aeo,Solar Carport ในสมุทรสาคร ต่างจาก Solar Rooftop อย่างไร,informational,awareness,/solar-carport/samut-sakhon,none,medium,unmeasured
province,samut-sakhon,สมุทรสาคร,Samut Sakhon,central,P4-aeo,บริษัทโซลาร์เซลล์สมุทรสาคร ที่ไหนดี,informational,consideration,/projects,review_source,low,unmeasured
province,samut-sakhon,สมุทรสาคร,Samut Sakhon,central,P4-aeo,ระบบไฟฟ้า สมุทรสาคร เป็น PEA หรือ MEA,informational,consideration,/solar-carport/samut-sakhon,utility_official_source,medium,unmeasured
province,samut-songkhram,สมุทรสงคราม,Samut Songkhram,central,P1-core,ติดตั้งโซลาร์เซลล์สมุทรสงคราม,commercial,consideration,/solar-carport/samut-songkhram,site_survey_quote,high,unmeasured
province,samut-songkhram,สมุทรสงคราม,Samut Songkhram,central,P1-core,โซลาร์เซลล์สมุทรสงคราม,commercial,consideration,/solar-carport/samut-songkhram,none,high,unmeasured
province,samut-songkhram,สมุทรสงคราม,Samut Songkhram,central,P1-core,โซลาร์คาร์พอร์ตสมุทรสงคราม,commercial,consideration,/solar-carport/samut-songkhram,none,high,unmeasured
province,samut-songkhram,สมุทรสงคราม,Samut Songkhram,central,P1-core,solar cell Samut Songkhram,commercial,consideration,/solar-carport/samut-songkhram,none,medium,unmeasured
province,samut-songkhram,สมุทรสงคราม,Samut Songkhram,central,P1-core,บริษัทรับติดตั้งโซลาร์เซลล์สมุทรสงคราม,commercial,consideration,/solar-carport/samut-songkhram,legal_entity,medium,unmeasured
province,samut-songkhram,สมุทรสงคราม,Samut Songkhram,central,P2-commercial,ราคาติดตั้งโซลาร์เซลล์สมุทรสงคราม,transactional,decision,/solar-carport/samut-songkhram,site_survey_quote,high,unmeasured
province,samut-songkhram,สมุทรสงคราม,Samut Songkhram,central,P2-commercial,ราคาโซลาร์เซลล์สมุทรสงคราม,transactional,decision,/solar-carport/samut-songkhram,site_survey_quote,high,unmeasured
province,samut-songkhram,สมุทรสงคราม,Samut Songkhram,central,P2-commercial,โซลาร์เซลล์โรงงานสมุทรสงคราม,commercial,consideration,/solar-carport/samut-songkhram/factory,site_survey_quote,high,unmeasured
province,samut-songkhram,สมุทรสงคราม,Samut Songkhram,central,P2-commercial,โซลาร์เซลล์โรงแรมสมุทรสงคราม,commercial,consideration,/solar-carport/samut-songkhram/hotel,site_survey_quote,high,unmeasured
province,samut-songkhram,สมุทรสงคราม,Samut Songkhram,central,P2-commercial,โซลาร์เซลล์อาคารพาณิชย์สมุทรสงคราม,commercial,consideration,/solar-carport/samut-songkhram/commercial,site_survey_quote,medium,unmeasured
province,samut-songkhram,สมุทรสงคราม,Samut Songkhram,central,P2-commercial,ช่างโซลาร์สมุทรสงคราม,commercial,consideration,/contact,certified_claims_review,low,unmeasured
province,samut-songkhram,สมุทรสงคราม,Samut Songkhram,central,P3-cluster,สถานีชาร์จรถยนต์ไฟฟ้าสมุทรสงคราม,commercial,consideration,/solar-carport/samut-songkhram/ev,site_survey_quote,medium,unmeasured
province,samut-songkhram,สมุทรสงคราม,Samut Songkhram,central,P3-cluster,EV charger Samut Songkhram,commercial,consideration,/solar-carport/samut-songkhram/ev,site_survey_quote,medium,unmeasured
province,samut-songkhram,สมุทรสงคราม,Samut Songkhram,central,P3-cluster,BESS สมุทรสงคราม,commercial,consideration,/solar-carport/samut-songkhram/bess,site_survey_quote,medium,unmeasured
province,samut-songkhram,สมุทรสงคราม,Samut Songkhram,central,P4-aeo,ติดตั้งโซลาร์เซลล์สมุทรสงคราม คุ้มไหม,informational,awareness,/solar-carport/samut-songkhram,site_survey_quote,high,unmeasured
province,samut-songkhram,สมุทรสงคราม,Samut Songkhram,central,P4-aeo,โซลาร์เซลล์สมุทรสงคราม ราคาเท่าไหร่,informational,awareness,/solar-carport/samut-songkhram,site_survey_quote,high,unmeasured
province,samut-songkhram,สมุทรสงคราม,Samut Songkhram,central,P4-aeo,โซลาร์เซลล์สมุทรสงคราม คืนทุนกี่ปี,informational,awareness,/solar-carport/samut-songkhram,site_survey_quote,high,unmeasured
province,samut-songkhram,สมุทรสงคราม,Samut Songkhram,central,P4-aeo,ขั้นตอนติดตั้งโซลาร์เซลล์สมุทรสงคราม,informational,consideration,/solar-carport/samut-songkhram,permit_process_source,medium,unmeasured
province,samut-songkhram,สมุทรสงคราม,Samut Songkhram,central,P4-aeo,ต้องขออนุญาตอะไรบ้าง สมุทรสงคราม,informational,consideration,/solar-carport/samut-songkhram,permit_process_source,medium,unmeasured
province,samut-songkhram,สมุทรสงคราม,Samut Songkhram,central,P4-aeo,Solar Carport ในสมุทรสงคราม ต่างจาก Solar Rooftop อย่างไร,informational,awareness,/solar-carport/samut-songkhram,none,medium,unmeasured
province,samut-songkhram,สมุทรสงคราม,Samut Songkhram,central,P4-aeo,บริษัทโซลาร์เซลล์สมุทรสงคราม ที่ไหนดี,informational,consideration,/projects,review_source,low,unmeasured
province,samut-songkhram,สมุทรสงคราม,Samut Songkhram,central,P4-aeo,ระบบไฟฟ้า สมุทรสงคราม เป็น PEA หรือ MEA,informational,consideration,/solar-carport/samut-songkhram,utility_official_source,medium,unmeasured
province,saraburi,สระบุรี,Saraburi,central,P1-core,ติดตั้งโซลาร์เซลล์สระบุรี,commercial,consideration,/solar-carport/saraburi,site_survey_quote,high,unmeasured
province,saraburi,สระบุรี,Saraburi,central,P1-core,โซลาร์เซลล์สระบุรี,commercial,consideration,/solar-carport/saraburi,none,high,unmeasured
province,saraburi,สระบุรี,Saraburi,central,P1-core,โซลาร์คาร์พอร์ตสระบุรี,commercial,consideration,/solar-carport/saraburi,none,high,unmeasured
province,saraburi,สระบุรี,Saraburi,central,P1-core,solar cell Saraburi,commercial,consideration,/solar-carport/saraburi,none,medium,unmeasured
province,saraburi,สระบุรี,Saraburi,central,P1-core,บริษัทรับติดตั้งโซลาร์เซลล์สระบุรี,commercial,consideration,/solar-carport/saraburi,legal_entity,medium,unmeasured
province,saraburi,สระบุรี,Saraburi,central,P2-commercial,ราคาติดตั้งโซลาร์เซลล์สระบุรี,transactional,decision,/solar-carport/saraburi,site_survey_quote,high,unmeasured
province,saraburi,สระบุรี,Saraburi,central,P2-commercial,ราคาโซลาร์เซลล์สระบุรี,transactional,decision,/solar-carport/saraburi,site_survey_quote,high,unmeasured
province,saraburi,สระบุรี,Saraburi,central,P2-commercial,โซลาร์เซลล์โรงงานสระบุรี,commercial,consideration,/solar-carport/saraburi/factory,site_survey_quote,high,unmeasured
province,saraburi,สระบุรี,Saraburi,central,P2-commercial,โซลาร์เซลล์โรงแรมสระบุรี,commercial,consideration,/solar-carport/saraburi/hotel,site_survey_quote,high,unmeasured
province,saraburi,สระบุรี,Saraburi,central,P2-commercial,โซลาร์เซลล์อาคารพาณิชย์สระบุรี,commercial,consideration,/solar-carport/saraburi/commercial,site_survey_quote,medium,unmeasured
province,saraburi,สระบุรี,Saraburi,central,P2-commercial,ช่างโซลาร์สระบุรี,commercial,consideration,/contact,certified_claims_review,low,unmeasured
province,saraburi,สระบุรี,Saraburi,central,P3-cluster,สถานีชาร์จรถยนต์ไฟฟ้าสระบุรี,commercial,consideration,/solar-carport/saraburi/ev,site_survey_quote,medium,unmeasured
province,saraburi,สระบุรี,Saraburi,central,P3-cluster,EV charger Saraburi,commercial,consideration,/solar-carport/saraburi/ev,site_survey_quote,medium,unmeasured
province,saraburi,สระบุรี,Saraburi,central,P3-cluster,BESS สระบุรี,commercial,consideration,/solar-carport/saraburi/bess,site_survey_quote,medium,unmeasured
province,saraburi,สระบุรี,Saraburi,central,P4-aeo,ติดตั้งโซลาร์เซลล์สระบุรี คุ้มไหม,informational,awareness,/solar-carport/saraburi,site_survey_quote,high,unmeasured
province,saraburi,สระบุรี,Saraburi,central,P4-aeo,โซลาร์เซลล์สระบุรี ราคาเท่าไหร่,informational,awareness,/solar-carport/saraburi,site_survey_quote,high,unmeasured
province,saraburi,สระบุรี,Saraburi,central,P4-aeo,โซลาร์เซลล์สระบุรี คืนทุนกี่ปี,informational,awareness,/solar-carport/saraburi,site_survey_quote,high,unmeasured
province,saraburi,สระบุรี,Saraburi,central,P4-aeo,ขั้นตอนติดตั้งโซลาร์เซลล์สระบุรี,informational,consideration,/solar-carport/saraburi,permit_process_source,medium,unmeasured
province,saraburi,สระบุรี,Saraburi,central,P4-aeo,ต้องขออนุญาตอะไรบ้าง สระบุรี,informational,consideration,/solar-carport/saraburi,permit_process_source,medium,unmeasured
province,saraburi,สระบุรี,Saraburi,central,P4-aeo,Solar Carport ในสระบุรี ต่างจาก Solar Rooftop อย่างไร,informational,awareness,/solar-carport/saraburi,none,medium,unmeasured
province,saraburi,สระบุรี,Saraburi,central,P4-aeo,บริษัทโซลาร์เซลล์สระบุรี ที่ไหนดี,informational,consideration,/projects,review_source,low,unmeasured
province,saraburi,สระบุรี,Saraburi,central,P4-aeo,ระบบไฟฟ้า สระบุรี เป็น PEA หรือ MEA,informational,consideration,/solar-carport/saraburi,utility_official_source,medium,unmeasured
province,satun,สตูล,Satun,south,P1-core,ติดตั้งโซลาร์เซลล์สตูล,commercial,consideration,/solar-carport/satun,site_survey_quote,high,unmeasured
province,satun,สตูล,Satun,south,P1-core,โซลาร์เซลล์สตูล,commercial,consideration,/solar-carport/satun,none,high,unmeasured
province,satun,สตูล,Satun,south,P1-core,โซลาร์คาร์พอร์ตสตูล,commercial,consideration,/solar-carport/satun,none,high,unmeasured
province,satun,สตูล,Satun,south,P1-core,solar cell Satun,commercial,consideration,/solar-carport/satun,none,medium,unmeasured
province,satun,สตูล,Satun,south,P1-core,บริษัทรับติดตั้งโซลาร์เซลล์สตูล,commercial,consideration,/solar-carport/satun,legal_entity,medium,unmeasured
province,satun,สตูล,Satun,south,P2-commercial,ราคาติดตั้งโซลาร์เซลล์สตูล,transactional,decision,/solar-carport/satun,site_survey_quote,high,unmeasured
province,satun,สตูล,Satun,south,P2-commercial,ราคาโซลาร์เซลล์สตูล,transactional,decision,/solar-carport/satun,site_survey_quote,high,unmeasured
province,satun,สตูล,Satun,south,P2-commercial,โซลาร์เซลล์โรงงานสตูล,commercial,consideration,/solar-carport/satun/factory,site_survey_quote,high,unmeasured
province,satun,สตูล,Satun,south,P2-commercial,โซลาร์เซลล์โรงแรมสตูล,commercial,consideration,/solar-carport/satun/hotel,site_survey_quote,high,unmeasured
province,satun,สตูล,Satun,south,P2-commercial,โซลาร์เซลล์อาคารพาณิชย์สตูล,commercial,consideration,/solar-carport/satun/commercial,site_survey_quote,medium,unmeasured
province,satun,สตูล,Satun,south,P2-commercial,ช่างโซลาร์สตูล,commercial,consideration,/contact,certified_claims_review,low,unmeasured
province,satun,สตูล,Satun,south,P3-cluster,สถานีชาร์จรถยนต์ไฟฟ้าสตูล,commercial,consideration,/solar-carport/satun/ev,site_survey_quote,medium,unmeasured
province,satun,สตูล,Satun,south,P3-cluster,EV charger Satun,commercial,consideration,/solar-carport/satun/ev,site_survey_quote,medium,unmeasured
province,satun,สตูล,Satun,south,P3-cluster,BESS สตูล,commercial,consideration,/solar-carport/satun/bess,site_survey_quote,medium,unmeasured
province,satun,สตูล,Satun,south,P4-aeo,ติดตั้งโซลาร์เซลล์สตูล คุ้มไหม,informational,awareness,/solar-carport/satun,site_survey_quote,high,unmeasured
province,satun,สตูล,Satun,south,P4-aeo,โซลาร์เซลล์สตูล ราคาเท่าไหร่,informational,awareness,/solar-carport/satun,site_survey_quote,high,unmeasured
province,satun,สตูล,Satun,south,P4-aeo,โซลาร์เซลล์สตูล คืนทุนกี่ปี,informational,awareness,/solar-carport/satun,site_survey_quote,high,unmeasured
province,satun,สตูล,Satun,south,P4-aeo,ขั้นตอนติดตั้งโซลาร์เซลล์สตูล,informational,consideration,/solar-carport/satun,permit_process_source,medium,unmeasured
province,satun,สตูล,Satun,south,P4-aeo,ต้องขออนุญาตอะไรบ้าง สตูล,informational,consideration,/solar-carport/satun,permit_process_source,medium,unmeasured
province,satun,สตูล,Satun,south,P4-aeo,Solar Carport ในสตูล ต่างจาก Solar Rooftop อย่างไร,informational,awareness,/solar-carport/satun,none,medium,unmeasured
province,satun,สตูล,Satun,south,P4-aeo,บริษัทโซลาร์เซลล์สตูล ที่ไหนดี,informational,consideration,/projects,review_source,low,unmeasured
province,satun,สตูล,Satun,south,P4-aeo,ระบบไฟฟ้า สตูล เป็น PEA หรือ MEA,informational,consideration,/solar-carport/satun,utility_official_source,medium,unmeasured
province,sing-buri,สิงห์บุรี,Sing Buri,central,P1-core,ติดตั้งโซลาร์เซลล์สิงห์บุรี,commercial,consideration,/solar-carport/sing-buri,site_survey_quote,high,unmeasured
province,sing-buri,สิงห์บุรี,Sing Buri,central,P1-core,โซลาร์เซลล์สิงห์บุรี,commercial,consideration,/solar-carport/sing-buri,none,high,unmeasured
province,sing-buri,สิงห์บุรี,Sing Buri,central,P1-core,โซลาร์คาร์พอร์ตสิงห์บุรี,commercial,consideration,/solar-carport/sing-buri,none,high,unmeasured
province,sing-buri,สิงห์บุรี,Sing Buri,central,P1-core,solar cell Sing Buri,commercial,consideration,/solar-carport/sing-buri,none,medium,unmeasured
province,sing-buri,สิงห์บุรี,Sing Buri,central,P1-core,บริษัทรับติดตั้งโซลาร์เซลล์สิงห์บุรี,commercial,consideration,/solar-carport/sing-buri,legal_entity,medium,unmeasured
province,sing-buri,สิงห์บุรี,Sing Buri,central,P2-commercial,ราคาติดตั้งโซลาร์เซลล์สิงห์บุรี,transactional,decision,/solar-carport/sing-buri,site_survey_quote,high,unmeasured
province,sing-buri,สิงห์บุรี,Sing Buri,central,P2-commercial,ราคาโซลาร์เซลล์สิงห์บุรี,transactional,decision,/solar-carport/sing-buri,site_survey_quote,high,unmeasured
province,sing-buri,สิงห์บุรี,Sing Buri,central,P2-commercial,โซลาร์เซลล์โรงงานสิงห์บุรี,commercial,consideration,/solar-carport/sing-buri/factory,site_survey_quote,high,unmeasured
province,sing-buri,สิงห์บุรี,Sing Buri,central,P2-commercial,โซลาร์เซลล์โรงแรมสิงห์บุรี,commercial,consideration,/solar-carport/sing-buri/hotel,site_survey_quote,high,unmeasured
province,sing-buri,สิงห์บุรี,Sing Buri,central,P2-commercial,โซลาร์เซลล์อาคารพาณิชย์สิงห์บุรี,commercial,consideration,/solar-carport/sing-buri/commercial,site_survey_quote,medium,unmeasured
province,sing-buri,สิงห์บุรี,Sing Buri,central,P2-commercial,ช่างโซลาร์สิงห์บุรี,commercial,consideration,/contact,certified_claims_review,low,unmeasured
province,sing-buri,สิงห์บุรี,Sing Buri,central,P3-cluster,สถานีชาร์จรถยนต์ไฟฟ้าสิงห์บุรี,commercial,consideration,/solar-carport/sing-buri/ev,site_survey_quote,medium,unmeasured
province,sing-buri,สิงห์บุรี,Sing Buri,central,P3-cluster,EV charger Sing Buri,commercial,consideration,/solar-carport/sing-buri/ev,site_survey_quote,medium,unmeasured
province,sing-buri,สิงห์บุรี,Sing Buri,central,P3-cluster,BESS สิงห์บุรี,commercial,consideration,/solar-carport/sing-buri/bess,site_survey_quote,medium,unmeasured
province,sing-buri,สิงห์บุรี,Sing Buri,central,P4-aeo,ติดตั้งโซลาร์เซลล์สิงห์บุรี คุ้มไหม,informational,awareness,/solar-carport/sing-buri,site_survey_quote,high,unmeasured
province,sing-buri,สิงห์บุรี,Sing Buri,central,P4-aeo,โซลาร์เซลล์สิงห์บุรี ราคาเท่าไหร่,informational,awareness,/solar-carport/sing-buri,site_survey_quote,high,unmeasured
province,sing-buri,สิงห์บุรี,Sing Buri,central,P4-aeo,โซลาร์เซลล์สิงห์บุรี คืนทุนกี่ปี,informational,awareness,/solar-carport/sing-buri,site_survey_quote,high,unmeasured
province,sing-buri,สิงห์บุรี,Sing Buri,central,P4-aeo,ขั้นตอนติดตั้งโซลาร์เซลล์สิงห์บุรี,informational,consideration,/solar-carport/sing-buri,permit_process_source,medium,unmeasured
province,sing-buri,สิงห์บุรี,Sing Buri,central,P4-aeo,ต้องขออนุญาตอะไรบ้าง สิงห์บุรี,informational,consideration,/solar-carport/sing-buri,permit_process_source,medium,unmeasured
province,sing-buri,สิงห์บุรี,Sing Buri,central,P4-aeo,Solar Carport ในสิงห์บุรี ต่างจาก Solar Rooftop อย่างไร,informational,awareness,/solar-carport/sing-buri,none,medium,unmeasured
province,sing-buri,สิงห์บุรี,Sing Buri,central,P4-aeo,บริษัทโซลาร์เซลล์สิงห์บุรี ที่ไหนดี,informational,consideration,/projects,review_source,low,unmeasured
province,sing-buri,สิงห์บุรี,Sing Buri,central,P4-aeo,ระบบไฟฟ้า สิงห์บุรี เป็น PEA หรือ MEA,informational,consideration,/solar-carport/sing-buri,utility_official_source,medium,unmeasured
province,sisaket,ศรีสะเกษ,Sisaket,northeast,P1-core,ติดตั้งโซลาร์เซลล์ศรีสะเกษ,commercial,consideration,/solar-carport/sisaket,site_survey_quote,high,unmeasured
province,sisaket,ศรีสะเกษ,Sisaket,northeast,P1-core,โซลาร์เซลล์ศรีสะเกษ,commercial,consideration,/solar-carport/sisaket,none,high,unmeasured
province,sisaket,ศรีสะเกษ,Sisaket,northeast,P1-core,โซลาร์คาร์พอร์ตศรีสะเกษ,commercial,consideration,/solar-carport/sisaket,none,high,unmeasured
province,sisaket,ศรีสะเกษ,Sisaket,northeast,P1-core,solar cell Sisaket,commercial,consideration,/solar-carport/sisaket,none,medium,unmeasured
province,sisaket,ศรีสะเกษ,Sisaket,northeast,P1-core,บริษัทรับติดตั้งโซลาร์เซลล์ศรีสะเกษ,commercial,consideration,/solar-carport/sisaket,legal_entity,medium,unmeasured
province,sisaket,ศรีสะเกษ,Sisaket,northeast,P2-commercial,ราคาติดตั้งโซลาร์เซลล์ศรีสะเกษ,transactional,decision,/solar-carport/sisaket,site_survey_quote,high,unmeasured
province,sisaket,ศรีสะเกษ,Sisaket,northeast,P2-commercial,ราคาโซลาร์เซลล์ศรีสะเกษ,transactional,decision,/solar-carport/sisaket,site_survey_quote,high,unmeasured
province,sisaket,ศรีสะเกษ,Sisaket,northeast,P2-commercial,โซลาร์เซลล์โรงงานศรีสะเกษ,commercial,consideration,/solar-carport/sisaket/factory,site_survey_quote,high,unmeasured
province,sisaket,ศรีสะเกษ,Sisaket,northeast,P2-commercial,โซลาร์เซลล์โรงแรมศรีสะเกษ,commercial,consideration,/solar-carport/sisaket/hotel,site_survey_quote,high,unmeasured
province,sisaket,ศรีสะเกษ,Sisaket,northeast,P2-commercial,โซลาร์เซลล์อาคารพาณิชย์ศรีสะเกษ,commercial,consideration,/solar-carport/sisaket/commercial,site_survey_quote,medium,unmeasured
province,sisaket,ศรีสะเกษ,Sisaket,northeast,P2-commercial,ช่างโซลาร์ศรีสะเกษ,commercial,consideration,/contact,certified_claims_review,low,unmeasured
province,sisaket,ศรีสะเกษ,Sisaket,northeast,P3-cluster,สถานีชาร์จรถยนต์ไฟฟ้าศรีสะเกษ,commercial,consideration,/solar-carport/sisaket/ev,site_survey_quote,medium,unmeasured
province,sisaket,ศรีสะเกษ,Sisaket,northeast,P3-cluster,EV charger Sisaket,commercial,consideration,/solar-carport/sisaket/ev,site_survey_quote,medium,unmeasured
province,sisaket,ศรีสะเกษ,Sisaket,northeast,P3-cluster,BESS ศรีสะเกษ,commercial,consideration,/solar-carport/sisaket/bess,site_survey_quote,medium,unmeasured
province,sisaket,ศรีสะเกษ,Sisaket,northeast,P4-aeo,ติดตั้งโซลาร์เซลล์ศรีสะเกษ คุ้มไหม,informational,awareness,/solar-carport/sisaket,site_survey_quote,high,unmeasured
province,sisaket,ศรีสะเกษ,Sisaket,northeast,P4-aeo,โซลาร์เซลล์ศรีสะเกษ ราคาเท่าไหร่,informational,awareness,/solar-carport/sisaket,site_survey_quote,high,unmeasured
province,sisaket,ศรีสะเกษ,Sisaket,northeast,P4-aeo,โซลาร์เซลล์ศรีสะเกษ คืนทุนกี่ปี,informational,awareness,/solar-carport/sisaket,site_survey_quote,high,unmeasured
province,sisaket,ศรีสะเกษ,Sisaket,northeast,P4-aeo,ขั้นตอนติดตั้งโซลาร์เซลล์ศรีสะเกษ,informational,consideration,/solar-carport/sisaket,permit_process_source,medium,unmeasured
province,sisaket,ศรีสะเกษ,Sisaket,northeast,P4-aeo,ต้องขออนุญาตอะไรบ้าง ศรีสะเกษ,informational,consideration,/solar-carport/sisaket,permit_process_source,medium,unmeasured
province,sisaket,ศรีสะเกษ,Sisaket,northeast,P4-aeo,Solar Carport ในศรีสะเกษ ต่างจาก Solar Rooftop อย่างไร,informational,awareness,/solar-carport/sisaket,none,medium,unmeasured
province,sisaket,ศรีสะเกษ,Sisaket,northeast,P4-aeo,บริษัทโซลาร์เซลล์ศรีสะเกษ ที่ไหนดี,informational,consideration,/projects,review_source,low,unmeasured
province,sisaket,ศรีสะเกษ,Sisaket,northeast,P4-aeo,ระบบไฟฟ้า ศรีสะเกษ เป็น PEA หรือ MEA,informational,consideration,/solar-carport/sisaket,utility_official_source,medium,unmeasured
province,songkhla,สงขลา,Songkhla,south,P1-core,ติดตั้งโซลาร์เซลล์สงขลา,commercial,consideration,/solar-carport/songkhla,site_survey_quote,high,unmeasured
province,songkhla,สงขลา,Songkhla,south,P1-core,โซลาร์เซลล์สงขลา,commercial,consideration,/solar-carport/songkhla,none,high,unmeasured
province,songkhla,สงขลา,Songkhla,south,P1-core,โซลาร์คาร์พอร์ตสงขลา,commercial,consideration,/solar-carport/songkhla,none,high,unmeasured
province,songkhla,สงขลา,Songkhla,south,P1-core,solar cell Songkhla,commercial,consideration,/solar-carport/songkhla,none,medium,unmeasured
province,songkhla,สงขลา,Songkhla,south,P1-core,บริษัทรับติดตั้งโซลาร์เซลล์สงขลา,commercial,consideration,/solar-carport/songkhla,legal_entity,medium,unmeasured
province,songkhla,สงขลา,Songkhla,south,P2-commercial,ราคาติดตั้งโซลาร์เซลล์สงขลา,transactional,decision,/solar-carport/songkhla,site_survey_quote,high,unmeasured
province,songkhla,สงขลา,Songkhla,south,P2-commercial,ราคาโซลาร์เซลล์สงขลา,transactional,decision,/solar-carport/songkhla,site_survey_quote,high,unmeasured
province,songkhla,สงขลา,Songkhla,south,P2-commercial,โซลาร์เซลล์โรงงานสงขลา,commercial,consideration,/solar-carport/songkhla/factory,site_survey_quote,high,unmeasured
province,songkhla,สงขลา,Songkhla,south,P2-commercial,โซลาร์เซลล์โรงแรมสงขลา,commercial,consideration,/solar-carport/songkhla/hotel,site_survey_quote,high,unmeasured
province,songkhla,สงขลา,Songkhla,south,P2-commercial,โซลาร์เซลล์อาคารพาณิชย์สงขลา,commercial,consideration,/solar-carport/songkhla/commercial,site_survey_quote,medium,unmeasured
province,songkhla,สงขลา,Songkhla,south,P2-commercial,ช่างโซลาร์สงขลา,commercial,consideration,/contact,certified_claims_review,low,unmeasured
province,songkhla,สงขลา,Songkhla,south,P3-cluster,สถานีชาร์จรถยนต์ไฟฟ้าสงขลา,commercial,consideration,/solar-carport/songkhla/ev,site_survey_quote,medium,unmeasured
province,songkhla,สงขลา,Songkhla,south,P3-cluster,EV charger Songkhla,commercial,consideration,/solar-carport/songkhla/ev,site_survey_quote,medium,unmeasured
province,songkhla,สงขลา,Songkhla,south,P3-cluster,BESS สงขลา,commercial,consideration,/solar-carport/songkhla/bess,site_survey_quote,medium,unmeasured
province,songkhla,สงขลา,Songkhla,south,P4-aeo,ติดตั้งโซลาร์เซลล์สงขลา คุ้มไหม,informational,awareness,/solar-carport/songkhla,site_survey_quote,high,unmeasured
province,songkhla,สงขลา,Songkhla,south,P4-aeo,โซลาร์เซลล์สงขลา ราคาเท่าไหร่,informational,awareness,/solar-carport/songkhla,site_survey_quote,high,unmeasured
province,songkhla,สงขลา,Songkhla,south,P4-aeo,โซลาร์เซลล์สงขลา คืนทุนกี่ปี,informational,awareness,/solar-carport/songkhla,site_survey_quote,high,unmeasured
province,songkhla,สงขลา,Songkhla,south,P4-aeo,ขั้นตอนติดตั้งโซลาร์เซลล์สงขลา,informational,consideration,/solar-carport/songkhla,permit_process_source,medium,unmeasured
province,songkhla,สงขลา,Songkhla,south,P4-aeo,ต้องขออนุญาตอะไรบ้าง สงขลา,informational,consideration,/solar-carport/songkhla,permit_process_source,medium,unmeasured
province,songkhla,สงขลา,Songkhla,south,P4-aeo,Solar Carport ในสงขลา ต่างจาก Solar Rooftop อย่างไร,informational,awareness,/solar-carport/songkhla,none,medium,unmeasured
province,songkhla,สงขลา,Songkhla,south,P4-aeo,บริษัทโซลาร์เซลล์สงขลา ที่ไหนดี,informational,consideration,/projects,review_source,low,unmeasured
province,songkhla,สงขลา,Songkhla,south,P4-aeo,ระบบไฟฟ้า สงขลา เป็น PEA หรือ MEA,informational,consideration,/solar-carport/songkhla,utility_official_source,medium,unmeasured
province,sukhothai,สุโขทัย,Sukhothai,north,P1-core,ติดตั้งโซลาร์เซลล์สุโขทัย,commercial,consideration,/solar-carport/sukhothai,site_survey_quote,high,unmeasured
province,sukhothai,สุโขทัย,Sukhothai,north,P1-core,โซลาร์เซลล์สุโขทัย,commercial,consideration,/solar-carport/sukhothai,none,high,unmeasured
province,sukhothai,สุโขทัย,Sukhothai,north,P1-core,โซลาร์คาร์พอร์ตสุโขทัย,commercial,consideration,/solar-carport/sukhothai,none,high,unmeasured
province,sukhothai,สุโขทัย,Sukhothai,north,P1-core,solar cell Sukhothai,commercial,consideration,/solar-carport/sukhothai,none,medium,unmeasured
province,sukhothai,สุโขทัย,Sukhothai,north,P1-core,บริษัทรับติดตั้งโซลาร์เซลล์สุโขทัย,commercial,consideration,/solar-carport/sukhothai,legal_entity,medium,unmeasured
province,sukhothai,สุโขทัย,Sukhothai,north,P2-commercial,ราคาติดตั้งโซลาร์เซลล์สุโขทัย,transactional,decision,/solar-carport/sukhothai,site_survey_quote,high,unmeasured
province,sukhothai,สุโขทัย,Sukhothai,north,P2-commercial,ราคาโซลาร์เซลล์สุโขทัย,transactional,decision,/solar-carport/sukhothai,site_survey_quote,high,unmeasured
province,sukhothai,สุโขทัย,Sukhothai,north,P2-commercial,โซลาร์เซลล์โรงงานสุโขทัย,commercial,consideration,/solar-carport/sukhothai/factory,site_survey_quote,high,unmeasured
province,sukhothai,สุโขทัย,Sukhothai,north,P2-commercial,โซลาร์เซลล์โรงแรมสุโขทัย,commercial,consideration,/solar-carport/sukhothai/hotel,site_survey_quote,high,unmeasured
province,sukhothai,สุโขทัย,Sukhothai,north,P2-commercial,โซลาร์เซลล์อาคารพาณิชย์สุโขทัย,commercial,consideration,/solar-carport/sukhothai/commercial,site_survey_quote,medium,unmeasured
province,sukhothai,สุโขทัย,Sukhothai,north,P2-commercial,ช่างโซลาร์สุโขทัย,commercial,consideration,/contact,certified_claims_review,low,unmeasured
province,sukhothai,สุโขทัย,Sukhothai,north,P3-cluster,สถานีชาร์จรถยนต์ไฟฟ้าสุโขทัย,commercial,consideration,/solar-carport/sukhothai/ev,site_survey_quote,medium,unmeasured
province,sukhothai,สุโขทัย,Sukhothai,north,P3-cluster,EV charger Sukhothai,commercial,consideration,/solar-carport/sukhothai/ev,site_survey_quote,medium,unmeasured
province,sukhothai,สุโขทัย,Sukhothai,north,P3-cluster,BESS สุโขทัย,commercial,consideration,/solar-carport/sukhothai/bess,site_survey_quote,medium,unmeasured
province,sukhothai,สุโขทัย,Sukhothai,north,P4-aeo,ติดตั้งโซลาร์เซลล์สุโขทัย คุ้มไหม,informational,awareness,/solar-carport/sukhothai,site_survey_quote,high,unmeasured
province,sukhothai,สุโขทัย,Sukhothai,north,P4-aeo,โซลาร์เซลล์สุโขทัย ราคาเท่าไหร่,informational,awareness,/solar-carport/sukhothai,site_survey_quote,high,unmeasured
province,sukhothai,สุโขทัย,Sukhothai,north,P4-aeo,โซลาร์เซลล์สุโขทัย คืนทุนกี่ปี,informational,awareness,/solar-carport/sukhothai,site_survey_quote,high,unmeasured
province,sukhothai,สุโขทัย,Sukhothai,north,P4-aeo,ขั้นตอนติดตั้งโซลาร์เซลล์สุโขทัย,informational,consideration,/solar-carport/sukhothai,permit_process_source,medium,unmeasured
province,sukhothai,สุโขทัย,Sukhothai,north,P4-aeo,ต้องขออนุญาตอะไรบ้าง สุโขทัย,informational,consideration,/solar-carport/sukhothai,permit_process_source,medium,unmeasured
province,sukhothai,สุโขทัย,Sukhothai,north,P4-aeo,Solar Carport ในสุโขทัย ต่างจาก Solar Rooftop อย่างไร,informational,awareness,/solar-carport/sukhothai,none,medium,unmeasured
province,sukhothai,สุโขทัย,Sukhothai,north,P4-aeo,บริษัทโซลาร์เซลล์สุโขทัย ที่ไหนดี,informational,consideration,/projects,review_source,low,unmeasured
province,sukhothai,สุโขทัย,Sukhothai,north,P4-aeo,ระบบไฟฟ้า สุโขทัย เป็น PEA หรือ MEA,informational,consideration,/solar-carport/sukhothai,utility_official_source,medium,unmeasured
province,suphan-buri,สุพรรณบุรี,Suphan Buri,central,P1-core,ติดตั้งโซลาร์เซลล์สุพรรณบุรี,commercial,consideration,/solar-carport/suphan-buri,site_survey_quote,high,unmeasured
province,suphan-buri,สุพรรณบุรี,Suphan Buri,central,P1-core,โซลาร์เซลล์สุพรรณบุรี,commercial,consideration,/solar-carport/suphan-buri,none,high,unmeasured
province,suphan-buri,สุพรรณบุรี,Suphan Buri,central,P1-core,โซลาร์คาร์พอร์ตสุพรรณบุรี,commercial,consideration,/solar-carport/suphan-buri,none,high,unmeasured
province,suphan-buri,สุพรรณบุรี,Suphan Buri,central,P1-core,solar cell Suphan Buri,commercial,consideration,/solar-carport/suphan-buri,none,medium,unmeasured
province,suphan-buri,สุพรรณบุรี,Suphan Buri,central,P1-core,บริษัทรับติดตั้งโซลาร์เซลล์สุพรรณบุรี,commercial,consideration,/solar-carport/suphan-buri,legal_entity,medium,unmeasured
province,suphan-buri,สุพรรณบุรี,Suphan Buri,central,P2-commercial,ราคาติดตั้งโซลาร์เซลล์สุพรรณบุรี,transactional,decision,/solar-carport/suphan-buri,site_survey_quote,high,unmeasured
province,suphan-buri,สุพรรณบุรี,Suphan Buri,central,P2-commercial,ราคาโซลาร์เซลล์สุพรรณบุรี,transactional,decision,/solar-carport/suphan-buri,site_survey_quote,high,unmeasured
province,suphan-buri,สุพรรณบุรี,Suphan Buri,central,P2-commercial,โซลาร์เซลล์โรงงานสุพรรณบุรี,commercial,consideration,/solar-carport/suphan-buri/factory,site_survey_quote,high,unmeasured
province,suphan-buri,สุพรรณบุรี,Suphan Buri,central,P2-commercial,โซลาร์เซลล์โรงแรมสุพรรณบุรี,commercial,consideration,/solar-carport/suphan-buri/hotel,site_survey_quote,high,unmeasured
province,suphan-buri,สุพรรณบุรี,Suphan Buri,central,P2-commercial,โซลาร์เซลล์อาคารพาณิชย์สุพรรณบุรี,commercial,consideration,/solar-carport/suphan-buri/commercial,site_survey_quote,medium,unmeasured
province,suphan-buri,สุพรรณบุรี,Suphan Buri,central,P2-commercial,ช่างโซลาร์สุพรรณบุรี,commercial,consideration,/contact,certified_claims_review,low,unmeasured
province,suphan-buri,สุพรรณบุรี,Suphan Buri,central,P3-cluster,สถานีชาร์จรถยนต์ไฟฟ้าสุพรรณบุรี,commercial,consideration,/solar-carport/suphan-buri/ev,site_survey_quote,medium,unmeasured
province,suphan-buri,สุพรรณบุรี,Suphan Buri,central,P3-cluster,EV charger Suphan Buri,commercial,consideration,/solar-carport/suphan-buri/ev,site_survey_quote,medium,unmeasured
province,suphan-buri,สุพรรณบุรี,Suphan Buri,central,P3-cluster,BESS สุพรรณบุรี,commercial,consideration,/solar-carport/suphan-buri/bess,site_survey_quote,medium,unmeasured
province,suphan-buri,สุพรรณบุรี,Suphan Buri,central,P4-aeo,ติดตั้งโซลาร์เซลล์สุพรรณบุรี คุ้มไหม,informational,awareness,/solar-carport/suphan-buri,site_survey_quote,high,unmeasured
province,suphan-buri,สุพรรณบุรี,Suphan Buri,central,P4-aeo,โซลาร์เซลล์สุพรรณบุรี ราคาเท่าไหร่,informational,awareness,/solar-carport/suphan-buri,site_survey_quote,high,unmeasured
province,suphan-buri,สุพรรณบุรี,Suphan Buri,central,P4-aeo,โซลาร์เซลล์สุพรรณบุรี คืนทุนกี่ปี,informational,awareness,/solar-carport/suphan-buri,site_survey_quote,high,unmeasured
province,suphan-buri,สุพรรณบุรี,Suphan Buri,central,P4-aeo,ขั้นตอนติดตั้งโซลาร์เซลล์สุพรรณบุรี,informational,consideration,/solar-carport/suphan-buri,permit_process_source,medium,unmeasured
province,suphan-buri,สุพรรณบุรี,Suphan Buri,central,P4-aeo,ต้องขออนุญาตอะไรบ้าง สุพรรณบุรี,informational,consideration,/solar-carport/suphan-buri,permit_process_source,medium,unmeasured
province,suphan-buri,สุพรรณบุรี,Suphan Buri,central,P4-aeo,Solar Carport ในสุพรรณบุรี ต่างจาก Solar Rooftop อย่างไร,informational,awareness,/solar-carport/suphan-buri,none,medium,unmeasured
province,suphan-buri,สุพรรณบุรี,Suphan Buri,central,P4-aeo,บริษัทโซลาร์เซลล์สุพรรณบุรี ที่ไหนดี,informational,consideration,/projects,review_source,low,unmeasured
province,suphan-buri,สุพรรณบุรี,Suphan Buri,central,P4-aeo,ระบบไฟฟ้า สุพรรณบุรี เป็น PEA หรือ MEA,informational,consideration,/solar-carport/suphan-buri,utility_official_source,medium,unmeasured
province,surat-thani,สุราษฎร์ธานี,Surat Thani,south,P1-core,ติดตั้งโซลาร์เซลล์สุราษฎร์ธานี,commercial,consideration,/solar-carport/surat-thani,site_survey_quote,high,unmeasured
province,surat-thani,สุราษฎร์ธานี,Surat Thani,south,P1-core,โซลาร์เซลล์สุราษฎร์ธานี,commercial,consideration,/solar-carport/surat-thani,none,high,unmeasured
province,surat-thani,สุราษฎร์ธานี,Surat Thani,south,P1-core,โซลาร์คาร์พอร์ตสุราษฎร์ธานี,commercial,consideration,/solar-carport/surat-thani,none,high,unmeasured
province,surat-thani,สุราษฎร์ธานี,Surat Thani,south,P1-core,solar cell Surat Thani,commercial,consideration,/solar-carport/surat-thani,none,medium,unmeasured
province,surat-thani,สุราษฎร์ธานี,Surat Thani,south,P1-core,บริษัทรับติดตั้งโซลาร์เซลล์สุราษฎร์ธานี,commercial,consideration,/solar-carport/surat-thani,legal_entity,medium,unmeasured
province,surat-thani,สุราษฎร์ธานี,Surat Thani,south,P2-commercial,ราคาติดตั้งโซลาร์เซลล์สุราษฎร์ธานี,transactional,decision,/solar-carport/surat-thani,site_survey_quote,high,unmeasured
province,surat-thani,สุราษฎร์ธานี,Surat Thani,south,P2-commercial,ราคาโซลาร์เซลล์สุราษฎร์ธานี,transactional,decision,/solar-carport/surat-thani,site_survey_quote,high,unmeasured
province,surat-thani,สุราษฎร์ธานี,Surat Thani,south,P2-commercial,โซลาร์เซลล์โรงงานสุราษฎร์ธานี,commercial,consideration,/solar-carport/surat-thani/factory,site_survey_quote,high,unmeasured
province,surat-thani,สุราษฎร์ธานี,Surat Thani,south,P2-commercial,โซลาร์เซลล์โรงแรมสุราษฎร์ธานี,commercial,consideration,/solar-carport/surat-thani/hotel,site_survey_quote,high,unmeasured
province,surat-thani,สุราษฎร์ธานี,Surat Thani,south,P2-commercial,โซลาร์เซลล์อาคารพาณิชย์สุราษฎร์ธานี,commercial,consideration,/solar-carport/surat-thani/commercial,site_survey_quote,medium,unmeasured
province,surat-thani,สุราษฎร์ธานี,Surat Thani,south,P2-commercial,ช่างโซลาร์สุราษฎร์ธานี,commercial,consideration,/contact,certified_claims_review,low,unmeasured
province,surat-thani,สุราษฎร์ธานี,Surat Thani,south,P3-cluster,สถานีชาร์จรถยนต์ไฟฟ้าสุราษฎร์ธานี,commercial,consideration,/solar-carport/surat-thani/ev,site_survey_quote,medium,unmeasured
province,surat-thani,สุราษฎร์ธานี,Surat Thani,south,P3-cluster,EV charger Surat Thani,commercial,consideration,/solar-carport/surat-thani/ev,site_survey_quote,medium,unmeasured
province,surat-thani,สุราษฎร์ธานี,Surat Thani,south,P3-cluster,BESS สุราษฎร์ธานี,commercial,consideration,/solar-carport/surat-thani/bess,site_survey_quote,medium,unmeasured
province,surat-thani,สุราษฎร์ธานี,Surat Thani,south,P4-aeo,ติดตั้งโซลาร์เซลล์สุราษฎร์ธานี คุ้มไหม,informational,awareness,/solar-carport/surat-thani,site_survey_quote,high,unmeasured
province,surat-thani,สุราษฎร์ธานี,Surat Thani,south,P4-aeo,โซลาร์เซลล์สุราษฎร์ธานี ราคาเท่าไหร่,informational,awareness,/solar-carport/surat-thani,site_survey_quote,high,unmeasured
province,surat-thani,สุราษฎร์ธานี,Surat Thani,south,P4-aeo,โซลาร์เซลล์สุราษฎร์ธานี คืนทุนกี่ปี,informational,awareness,/solar-carport/surat-thani,site_survey_quote,high,unmeasured
province,surat-thani,สุราษฎร์ธานี,Surat Thani,south,P4-aeo,ขั้นตอนติดตั้งโซลาร์เซลล์สุราษฎร์ธานี,informational,consideration,/solar-carport/surat-thani,permit_process_source,medium,unmeasured
province,surat-thani,สุราษฎร์ธานี,Surat Thani,south,P4-aeo,ต้องขออนุญาตอะไรบ้าง สุราษฎร์ธานี,informational,consideration,/solar-carport/surat-thani,permit_process_source,medium,unmeasured
province,surat-thani,สุราษฎร์ธานี,Surat Thani,south,P4-aeo,Solar Carport ในสุราษฎร์ธานี ต่างจาก Solar Rooftop อย่างไร,informational,awareness,/solar-carport/surat-thani,none,medium,unmeasured
province,surat-thani,สุราษฎร์ธานี,Surat Thani,south,P4-aeo,บริษัทโซลาร์เซลล์สุราษฎร์ธานี ที่ไหนดี,informational,consideration,/projects,review_source,low,unmeasured
province,surat-thani,สุราษฎร์ธานี,Surat Thani,south,P4-aeo,ระบบไฟฟ้า สุราษฎร์ธานี เป็น PEA หรือ MEA,informational,consideration,/solar-carport/surat-thani,utility_official_source,medium,unmeasured
province,surin,สุรินทร์,Surin,northeast,P1-core,ติดตั้งโซลาร์เซลล์สุรินทร์,commercial,consideration,/solar-carport/surin,site_survey_quote,high,unmeasured
province,surin,สุรินทร์,Surin,northeast,P1-core,โซลาร์เซลล์สุรินทร์,commercial,consideration,/solar-carport/surin,none,high,unmeasured
province,surin,สุรินทร์,Surin,northeast,P1-core,โซลาร์คาร์พอร์ตสุรินทร์,commercial,consideration,/solar-carport/surin,none,high,unmeasured
province,surin,สุรินทร์,Surin,northeast,P1-core,solar cell Surin,commercial,consideration,/solar-carport/surin,none,medium,unmeasured
province,surin,สุรินทร์,Surin,northeast,P1-core,บริษัทรับติดตั้งโซลาร์เซลล์สุรินทร์,commercial,consideration,/solar-carport/surin,legal_entity,medium,unmeasured
province,surin,สุรินทร์,Surin,northeast,P2-commercial,ราคาติดตั้งโซลาร์เซลล์สุรินทร์,transactional,decision,/solar-carport/surin,site_survey_quote,high,unmeasured
province,surin,สุรินทร์,Surin,northeast,P2-commercial,ราคาโซลาร์เซลล์สุรินทร์,transactional,decision,/solar-carport/surin,site_survey_quote,high,unmeasured
province,surin,สุรินทร์,Surin,northeast,P2-commercial,โซลาร์เซลล์โรงงานสุรินทร์,commercial,consideration,/solar-carport/surin/factory,site_survey_quote,high,unmeasured
province,surin,สุรินทร์,Surin,northeast,P2-commercial,โซลาร์เซลล์โรงแรมสุรินทร์,commercial,consideration,/solar-carport/surin/hotel,site_survey_quote,high,unmeasured
province,surin,สุรินทร์,Surin,northeast,P2-commercial,โซลาร์เซลล์อาคารพาณิชย์สุรินทร์,commercial,consideration,/solar-carport/surin/commercial,site_survey_quote,medium,unmeasured
province,surin,สุรินทร์,Surin,northeast,P2-commercial,ช่างโซลาร์สุรินทร์,commercial,consideration,/contact,certified_claims_review,low,unmeasured
province,surin,สุรินทร์,Surin,northeast,P3-cluster,สถานีชาร์จรถยนต์ไฟฟ้าสุรินทร์,commercial,consideration,/solar-carport/surin/ev,site_survey_quote,medium,unmeasured
province,surin,สุรินทร์,Surin,northeast,P3-cluster,EV charger Surin,commercial,consideration,/solar-carport/surin/ev,site_survey_quote,medium,unmeasured
province,surin,สุรินทร์,Surin,northeast,P3-cluster,BESS สุรินทร์,commercial,consideration,/solar-carport/surin/bess,site_survey_quote,medium,unmeasured
province,surin,สุรินทร์,Surin,northeast,P4-aeo,ติดตั้งโซลาร์เซลล์สุรินทร์ คุ้มไหม,informational,awareness,/solar-carport/surin,site_survey_quote,high,unmeasured
province,surin,สุรินทร์,Surin,northeast,P4-aeo,โซลาร์เซลล์สุรินทร์ ราคาเท่าไหร่,informational,awareness,/solar-carport/surin,site_survey_quote,high,unmeasured
province,surin,สุรินทร์,Surin,northeast,P4-aeo,โซลาร์เซลล์สุรินทร์ คืนทุนกี่ปี,informational,awareness,/solar-carport/surin,site_survey_quote,high,unmeasured
province,surin,สุรินทร์,Surin,northeast,P4-aeo,ขั้นตอนติดตั้งโซลาร์เซลล์สุรินทร์,informational,consideration,/solar-carport/surin,permit_process_source,medium,unmeasured
province,surin,สุรินทร์,Surin,northeast,P4-aeo,ต้องขออนุญาตอะไรบ้าง สุรินทร์,informational,consideration,/solar-carport/surin,permit_process_source,medium,unmeasured
province,surin,สุรินทร์,Surin,northeast,P4-aeo,Solar Carport ในสุรินทร์ ต่างจาก Solar Rooftop อย่างไร,informational,awareness,/solar-carport/surin,none,medium,unmeasured
province,surin,สุรินทร์,Surin,northeast,P4-aeo,บริษัทโซลาร์เซลล์สุรินทร์ ที่ไหนดี,informational,consideration,/projects,review_source,low,unmeasured
province,surin,สุรินทร์,Surin,northeast,P4-aeo,ระบบไฟฟ้า สุรินทร์ เป็น PEA หรือ MEA,informational,consideration,/solar-carport/surin,utility_official_source,medium,unmeasured
province,tak,ตาก,Tak,west,P1-core,ติดตั้งโซลาร์เซลล์ตาก,commercial,consideration,/solar-carport/tak,site_survey_quote,high,unmeasured
province,tak,ตาก,Tak,west,P1-core,โซลาร์เซลล์ตาก,commercial,consideration,/solar-carport/tak,none,high,unmeasured
province,tak,ตาก,Tak,west,P1-core,โซลาร์คาร์พอร์ตตาก,commercial,consideration,/solar-carport/tak,none,high,unmeasured
province,tak,ตาก,Tak,west,P1-core,solar cell Tak,commercial,consideration,/solar-carport/tak,none,medium,unmeasured
province,tak,ตาก,Tak,west,P1-core,บริษัทรับติดตั้งโซลาร์เซลล์ตาก,commercial,consideration,/solar-carport/tak,legal_entity,medium,unmeasured
province,tak,ตาก,Tak,west,P2-commercial,ราคาติดตั้งโซลาร์เซลล์ตาก,transactional,decision,/solar-carport/tak,site_survey_quote,high,unmeasured
province,tak,ตาก,Tak,west,P2-commercial,ราคาโซลาร์เซลล์ตาก,transactional,decision,/solar-carport/tak,site_survey_quote,high,unmeasured
province,tak,ตาก,Tak,west,P2-commercial,โซลาร์เซลล์โรงงานตาก,commercial,consideration,/solar-carport/tak/factory,site_survey_quote,high,unmeasured
province,tak,ตาก,Tak,west,P2-commercial,โซลาร์เซลล์โรงแรมตาก,commercial,consideration,/solar-carport/tak/hotel,site_survey_quote,high,unmeasured
province,tak,ตาก,Tak,west,P2-commercial,โซลาร์เซลล์อาคารพาณิชย์ตาก,commercial,consideration,/solar-carport/tak/commercial,site_survey_quote,medium,unmeasured
province,tak,ตาก,Tak,west,P2-commercial,ช่างโซลาร์ตาก,commercial,consideration,/contact,certified_claims_review,low,unmeasured
province,tak,ตาก,Tak,west,P3-cluster,สถานีชาร์จรถยนต์ไฟฟ้าตาก,commercial,consideration,/solar-carport/tak/ev,site_survey_quote,medium,unmeasured
province,tak,ตาก,Tak,west,P3-cluster,EV charger Tak,commercial,consideration,/solar-carport/tak/ev,site_survey_quote,medium,unmeasured
province,tak,ตาก,Tak,west,P3-cluster,BESS ตาก,commercial,consideration,/solar-carport/tak/bess,site_survey_quote,medium,unmeasured
province,tak,ตาก,Tak,west,P4-aeo,ติดตั้งโซลาร์เซลล์ตาก คุ้มไหม,informational,awareness,/solar-carport/tak,site_survey_quote,high,unmeasured
province,tak,ตาก,Tak,west,P4-aeo,โซลาร์เซลล์ตาก ราคาเท่าไหร่,informational,awareness,/solar-carport/tak,site_survey_quote,high,unmeasured
province,tak,ตาก,Tak,west,P4-aeo,โซลาร์เซลล์ตาก คืนทุนกี่ปี,informational,awareness,/solar-carport/tak,site_survey_quote,high,unmeasured
province,tak,ตาก,Tak,west,P4-aeo,ขั้นตอนติดตั้งโซลาร์เซลล์ตาก,informational,consideration,/solar-carport/tak,permit_process_source,medium,unmeasured
province,tak,ตาก,Tak,west,P4-aeo,ต้องขออนุญาตอะไรบ้าง ตาก,informational,consideration,/solar-carport/tak,permit_process_source,medium,unmeasured
province,tak,ตาก,Tak,west,P4-aeo,Solar Carport ในตาก ต่างจาก Solar Rooftop อย่างไร,informational,awareness,/solar-carport/tak,none,medium,unmeasured
province,tak,ตาก,Tak,west,P4-aeo,บริษัทโซลาร์เซลล์ตาก ที่ไหนดี,informational,consideration,/projects,review_source,low,unmeasured
province,tak,ตาก,Tak,west,P4-aeo,ระบบไฟฟ้า ตาก เป็น PEA หรือ MEA,informational,consideration,/solar-carport/tak,utility_official_source,medium,unmeasured
province,trang,ตรัง,Trang,south,P1-core,ติดตั้งโซลาร์เซลล์ตรัง,commercial,consideration,/solar-carport/trang,site_survey_quote,high,unmeasured
province,trang,ตรัง,Trang,south,P1-core,โซลาร์เซลล์ตรัง,commercial,consideration,/solar-carport/trang,none,high,unmeasured
province,trang,ตรัง,Trang,south,P1-core,โซลาร์คาร์พอร์ตตรัง,commercial,consideration,/solar-carport/trang,none,high,unmeasured
province,trang,ตรัง,Trang,south,P1-core,solar cell Trang,commercial,consideration,/solar-carport/trang,none,medium,unmeasured
province,trang,ตรัง,Trang,south,P1-core,บริษัทรับติดตั้งโซลาร์เซลล์ตรัง,commercial,consideration,/solar-carport/trang,legal_entity,medium,unmeasured
province,trang,ตรัง,Trang,south,P2-commercial,ราคาติดตั้งโซลาร์เซลล์ตรัง,transactional,decision,/solar-carport/trang,site_survey_quote,high,unmeasured
province,trang,ตรัง,Trang,south,P2-commercial,ราคาโซลาร์เซลล์ตรัง,transactional,decision,/solar-carport/trang,site_survey_quote,high,unmeasured
province,trang,ตรัง,Trang,south,P2-commercial,โซลาร์เซลล์โรงงานตรัง,commercial,consideration,/solar-carport/trang/factory,site_survey_quote,high,unmeasured
province,trang,ตรัง,Trang,south,P2-commercial,โซลาร์เซลล์โรงแรมตรัง,commercial,consideration,/solar-carport/trang/hotel,site_survey_quote,high,unmeasured
province,trang,ตรัง,Trang,south,P2-commercial,โซลาร์เซลล์อาคารพาณิชย์ตรัง,commercial,consideration,/solar-carport/trang/commercial,site_survey_quote,medium,unmeasured
province,trang,ตรัง,Trang,south,P2-commercial,ช่างโซลาร์ตรัง,commercial,consideration,/contact,certified_claims_review,low,unmeasured
province,trang,ตรัง,Trang,south,P3-cluster,สถานีชาร์จรถยนต์ไฟฟ้าตรัง,commercial,consideration,/solar-carport/trang/ev,site_survey_quote,medium,unmeasured
province,trang,ตรัง,Trang,south,P3-cluster,EV charger Trang,commercial,consideration,/solar-carport/trang/ev,site_survey_quote,medium,unmeasured
province,trang,ตรัง,Trang,south,P3-cluster,BESS ตรัง,commercial,consideration,/solar-carport/trang/bess,site_survey_quote,medium,unmeasured
province,trang,ตรัง,Trang,south,P4-aeo,ติดตั้งโซลาร์เซลล์ตรัง คุ้มไหม,informational,awareness,/solar-carport/trang,site_survey_quote,high,unmeasured
province,trang,ตรัง,Trang,south,P4-aeo,โซลาร์เซลล์ตรัง ราคาเท่าไหร่,informational,awareness,/solar-carport/trang,site_survey_quote,high,unmeasured
province,trang,ตรัง,Trang,south,P4-aeo,โซลาร์เซลล์ตรัง คืนทุนกี่ปี,informational,awareness,/solar-carport/trang,site_survey_quote,high,unmeasured
province,trang,ตรัง,Trang,south,P4-aeo,ขั้นตอนติดตั้งโซลาร์เซลล์ตรัง,informational,consideration,/solar-carport/trang,permit_process_source,medium,unmeasured
province,trang,ตรัง,Trang,south,P4-aeo,ต้องขออนุญาตอะไรบ้าง ตรัง,informational,consideration,/solar-carport/trang,permit_process_source,medium,unmeasured
province,trang,ตรัง,Trang,south,P4-aeo,Solar Carport ในตรัง ต่างจาก Solar Rooftop อย่างไร,informational,awareness,/solar-carport/trang,none,medium,unmeasured
province,trang,ตรัง,Trang,south,P4-aeo,บริษัทโซลาร์เซลล์ตรัง ที่ไหนดี,informational,consideration,/projects,review_source,low,unmeasured
province,trang,ตรัง,Trang,south,P4-aeo,ระบบไฟฟ้า ตรัง เป็น PEA หรือ MEA,informational,consideration,/solar-carport/trang,utility_official_source,medium,unmeasured
province,trat,ตราด,Trat,east,P1-core,ติดตั้งโซลาร์เซลล์ตราด,commercial,consideration,/solar-carport/trat,site_survey_quote,high,unmeasured
province,trat,ตราด,Trat,east,P1-core,โซลาร์เซลล์ตราด,commercial,consideration,/solar-carport/trat,none,high,unmeasured
province,trat,ตราด,Trat,east,P1-core,โซลาร์คาร์พอร์ตตราด,commercial,consideration,/solar-carport/trat,none,high,unmeasured
province,trat,ตราด,Trat,east,P1-core,solar cell Trat,commercial,consideration,/solar-carport/trat,none,medium,unmeasured
province,trat,ตราด,Trat,east,P1-core,บริษัทรับติดตั้งโซลาร์เซลล์ตราด,commercial,consideration,/solar-carport/trat,legal_entity,medium,unmeasured
province,trat,ตราด,Trat,east,P2-commercial,ราคาติดตั้งโซลาร์เซลล์ตราด,transactional,decision,/solar-carport/trat,site_survey_quote,high,unmeasured
province,trat,ตราด,Trat,east,P2-commercial,ราคาโซลาร์เซลล์ตราด,transactional,decision,/solar-carport/trat,site_survey_quote,high,unmeasured
province,trat,ตราด,Trat,east,P2-commercial,โซลาร์เซลล์โรงงานตราด,commercial,consideration,/solar-carport/trat/factory,site_survey_quote,high,unmeasured
province,trat,ตราด,Trat,east,P2-commercial,โซลาร์เซลล์โรงแรมตราด,commercial,consideration,/solar-carport/trat/hotel,site_survey_quote,high,unmeasured
province,trat,ตราด,Trat,east,P2-commercial,โซลาร์เซลล์อาคารพาณิชย์ตราด,commercial,consideration,/solar-carport/trat/commercial,site_survey_quote,medium,unmeasured
province,trat,ตราด,Trat,east,P2-commercial,ช่างโซลาร์ตราด,commercial,consideration,/contact,certified_claims_review,low,unmeasured
province,trat,ตราด,Trat,east,P3-cluster,สถานีชาร์จรถยนต์ไฟฟ้าตราด,commercial,consideration,/solar-carport/trat/ev,site_survey_quote,medium,unmeasured
province,trat,ตราด,Trat,east,P3-cluster,EV charger Trat,commercial,consideration,/solar-carport/trat/ev,site_survey_quote,medium,unmeasured
province,trat,ตราด,Trat,east,P3-cluster,BESS ตราด,commercial,consideration,/solar-carport/trat/bess,site_survey_quote,medium,unmeasured
province,trat,ตราด,Trat,east,P4-aeo,ติดตั้งโซลาร์เซลล์ตราด คุ้มไหม,informational,awareness,/solar-carport/trat,site_survey_quote,high,unmeasured
province,trat,ตราด,Trat,east,P4-aeo,โซลาร์เซลล์ตราด ราคาเท่าไหร่,informational,awareness,/solar-carport/trat,site_survey_quote,high,unmeasured
province,trat,ตราด,Trat,east,P4-aeo,โซลาร์เซลล์ตราด คืนทุนกี่ปี,informational,awareness,/solar-carport/trat,site_survey_quote,high,unmeasured
province,trat,ตราด,Trat,east,P4-aeo,ขั้นตอนติดตั้งโซลาร์เซลล์ตราด,informational,consideration,/solar-carport/trat,permit_process_source,medium,unmeasured
province,trat,ตราด,Trat,east,P4-aeo,ต้องขออนุญาตอะไรบ้าง ตราด,informational,consideration,/solar-carport/trat,permit_process_source,medium,unmeasured
province,trat,ตราด,Trat,east,P4-aeo,Solar Carport ในตราด ต่างจาก Solar Rooftop อย่างไร,informational,awareness,/solar-carport/trat,none,medium,unmeasured
province,trat,ตราด,Trat,east,P4-aeo,บริษัทโซลาร์เซลล์ตราด ที่ไหนดี,informational,consideration,/projects,review_source,low,unmeasured
province,trat,ตราด,Trat,east,P4-aeo,ระบบไฟฟ้า ตราด เป็น PEA หรือ MEA,informational,consideration,/solar-carport/trat,utility_official_source,medium,unmeasured
province,ubon-ratchathani,อุบลราชธานี,Ubon Ratchathani,northeast,P1-core,ติดตั้งโซลาร์เซลล์อุบลราชธานี,commercial,consideration,/solar-carport/ubon-ratchathani,site_survey_quote,high,unmeasured
province,ubon-ratchathani,อุบลราชธานี,Ubon Ratchathani,northeast,P1-core,โซลาร์เซลล์อุบลราชธานี,commercial,consideration,/solar-carport/ubon-ratchathani,none,high,unmeasured
province,ubon-ratchathani,อุบลราชธานี,Ubon Ratchathani,northeast,P1-core,โซลาร์คาร์พอร์ตอุบลราชธานี,commercial,consideration,/solar-carport/ubon-ratchathani,none,high,unmeasured
province,ubon-ratchathani,อุบลราชธานี,Ubon Ratchathani,northeast,P1-core,solar cell Ubon Ratchathani,commercial,consideration,/solar-carport/ubon-ratchathani,none,medium,unmeasured
province,ubon-ratchathani,อุบลราชธานี,Ubon Ratchathani,northeast,P1-core,บริษัทรับติดตั้งโซลาร์เซลล์อุบลราชธานี,commercial,consideration,/solar-carport/ubon-ratchathani,legal_entity,medium,unmeasured
province,ubon-ratchathani,อุบลราชธานี,Ubon Ratchathani,northeast,P2-commercial,ราคาติดตั้งโซลาร์เซลล์อุบลราชธานี,transactional,decision,/solar-carport/ubon-ratchathani,site_survey_quote,high,unmeasured
province,ubon-ratchathani,อุบลราชธานี,Ubon Ratchathani,northeast,P2-commercial,ราคาโซลาร์เซลล์อุบลราชธานี,transactional,decision,/solar-carport/ubon-ratchathani,site_survey_quote,high,unmeasured
province,ubon-ratchathani,อุบลราชธานี,Ubon Ratchathani,northeast,P2-commercial,โซลาร์เซลล์โรงงานอุบลราชธานี,commercial,consideration,/solar-carport/ubon-ratchathani/factory,site_survey_quote,high,unmeasured
province,ubon-ratchathani,อุบลราชธานี,Ubon Ratchathani,northeast,P2-commercial,โซลาร์เซลล์โรงแรมอุบลราชธานี,commercial,consideration,/solar-carport/ubon-ratchathani/hotel,site_survey_quote,high,unmeasured
province,ubon-ratchathani,อุบลราชธานี,Ubon Ratchathani,northeast,P2-commercial,โซลาร์เซลล์อาคารพาณิชย์อุบลราชธานี,commercial,consideration,/solar-carport/ubon-ratchathani/commercial,site_survey_quote,medium,unmeasured
province,ubon-ratchathani,อุบลราชธานี,Ubon Ratchathani,northeast,P2-commercial,ช่างโซลาร์อุบลราชธานี,commercial,consideration,/contact,certified_claims_review,low,unmeasured
province,ubon-ratchathani,อุบลราชธานี,Ubon Ratchathani,northeast,P3-cluster,สถานีชาร์จรถยนต์ไฟฟ้าอุบลราชธานี,commercial,consideration,/solar-carport/ubon-ratchathani/ev,site_survey_quote,medium,unmeasured
province,ubon-ratchathani,อุบลราชธานี,Ubon Ratchathani,northeast,P3-cluster,EV charger Ubon Ratchathani,commercial,consideration,/solar-carport/ubon-ratchathani/ev,site_survey_quote,medium,unmeasured
province,ubon-ratchathani,อุบลราชธานี,Ubon Ratchathani,northeast,P3-cluster,BESS อุบลราชธานี,commercial,consideration,/solar-carport/ubon-ratchathani/bess,site_survey_quote,medium,unmeasured
province,ubon-ratchathani,อุบลราชธานี,Ubon Ratchathani,northeast,P4-aeo,ติดตั้งโซลาร์เซลล์อุบลราชธานี คุ้มไหม,informational,awareness,/solar-carport/ubon-ratchathani,site_survey_quote,high,unmeasured
province,ubon-ratchathani,อุบลราชธานี,Ubon Ratchathani,northeast,P4-aeo,โซลาร์เซลล์อุบลราชธานี ราคาเท่าไหร่,informational,awareness,/solar-carport/ubon-ratchathani,site_survey_quote,high,unmeasured
province,ubon-ratchathani,อุบลราชธานี,Ubon Ratchathani,northeast,P4-aeo,โซลาร์เซลล์อุบลราชธานี คืนทุนกี่ปี,informational,awareness,/solar-carport/ubon-ratchathani,site_survey_quote,high,unmeasured
province,ubon-ratchathani,อุบลราชธานี,Ubon Ratchathani,northeast,P4-aeo,ขั้นตอนติดตั้งโซลาร์เซลล์อุบลราชธานี,informational,consideration,/solar-carport/ubon-ratchathani,permit_process_source,medium,unmeasured
province,ubon-ratchathani,อุบลราชธานี,Ubon Ratchathani,northeast,P4-aeo,ต้องขออนุญาตอะไรบ้าง อุบลราชธานี,informational,consideration,/solar-carport/ubon-ratchathani,permit_process_source,medium,unmeasured
province,ubon-ratchathani,อุบลราชธานี,Ubon Ratchathani,northeast,P4-aeo,Solar Carport ในอุบลราชธานี ต่างจาก Solar Rooftop อย่างไร,informational,awareness,/solar-carport/ubon-ratchathani,none,medium,unmeasured
province,ubon-ratchathani,อุบลราชธานี,Ubon Ratchathani,northeast,P4-aeo,บริษัทโซลาร์เซลล์อุบลราชธานี ที่ไหนดี,informational,consideration,/projects,review_source,low,unmeasured
province,ubon-ratchathani,อุบลราชธานี,Ubon Ratchathani,northeast,P4-aeo,ระบบไฟฟ้า อุบลราชธานี เป็น PEA หรือ MEA,informational,consideration,/solar-carport/ubon-ratchathani,utility_official_source,medium,unmeasured
province,udon-thani,อุดรธานี,Udon Thani,northeast,P1-core,ติดตั้งโซลาร์เซลล์อุดรธานี,commercial,consideration,/solar-carport/udon-thani,site_survey_quote,high,unmeasured
province,udon-thani,อุดรธานี,Udon Thani,northeast,P1-core,โซลาร์เซลล์อุดรธานี,commercial,consideration,/solar-carport/udon-thani,none,high,unmeasured
province,udon-thani,อุดรธานี,Udon Thani,northeast,P1-core,โซลาร์คาร์พอร์ตอุดรธานี,commercial,consideration,/solar-carport/udon-thani,none,high,unmeasured
province,udon-thani,อุดรธานี,Udon Thani,northeast,P1-core,solar cell Udon Thani,commercial,consideration,/solar-carport/udon-thani,none,medium,unmeasured
province,udon-thani,อุดรธานี,Udon Thani,northeast,P1-core,บริษัทรับติดตั้งโซลาร์เซลล์อุดรธานี,commercial,consideration,/solar-carport/udon-thani,legal_entity,medium,unmeasured
province,udon-thani,อุดรธานี,Udon Thani,northeast,P2-commercial,ราคาติดตั้งโซลาร์เซลล์อุดรธานี,transactional,decision,/solar-carport/udon-thani,site_survey_quote,high,unmeasured
province,udon-thani,อุดรธานี,Udon Thani,northeast,P2-commercial,ราคาโซลาร์เซลล์อุดรธานี,transactional,decision,/solar-carport/udon-thani,site_survey_quote,high,unmeasured
province,udon-thani,อุดรธานี,Udon Thani,northeast,P2-commercial,โซลาร์เซลล์โรงงานอุดรธานี,commercial,consideration,/solar-carport/udon-thani/factory,site_survey_quote,high,unmeasured
province,udon-thani,อุดรธานี,Udon Thani,northeast,P2-commercial,โซลาร์เซลล์โรงแรมอุดรธานี,commercial,consideration,/solar-carport/udon-thani/hotel,site_survey_quote,high,unmeasured
province,udon-thani,อุดรธานี,Udon Thani,northeast,P2-commercial,โซลาร์เซลล์อาคารพาณิชย์อุดรธานี,commercial,consideration,/solar-carport/udon-thani/commercial,site_survey_quote,medium,unmeasured
province,udon-thani,อุดรธานี,Udon Thani,northeast,P2-commercial,ช่างโซลาร์อุดรธานี,commercial,consideration,/contact,certified_claims_review,low,unmeasured
province,udon-thani,อุดรธานี,Udon Thani,northeast,P3-cluster,สถานีชาร์จรถยนต์ไฟฟ้าอุดรธานี,commercial,consideration,/solar-carport/udon-thani/ev,site_survey_quote,medium,unmeasured
province,udon-thani,อุดรธานี,Udon Thani,northeast,P3-cluster,EV charger Udon Thani,commercial,consideration,/solar-carport/udon-thani/ev,site_survey_quote,medium,unmeasured
province,udon-thani,อุดรธานี,Udon Thani,northeast,P3-cluster,BESS อุดรธานี,commercial,consideration,/solar-carport/udon-thani/bess,site_survey_quote,medium,unmeasured
province,udon-thani,อุดรธานี,Udon Thani,northeast,P4-aeo,ติดตั้งโซลาร์เซลล์อุดรธานี คุ้มไหม,informational,awareness,/solar-carport/udon-thani,site_survey_quote,high,unmeasured
province,udon-thani,อุดรธานี,Udon Thani,northeast,P4-aeo,โซลาร์เซลล์อุดรธานี ราคาเท่าไหร่,informational,awareness,/solar-carport/udon-thani,site_survey_quote,high,unmeasured
province,udon-thani,อุดรธานี,Udon Thani,northeast,P4-aeo,โซลาร์เซลล์อุดรธานี คืนทุนกี่ปี,informational,awareness,/solar-carport/udon-thani,site_survey_quote,high,unmeasured
province,udon-thani,อุดรธานี,Udon Thani,northeast,P4-aeo,ขั้นตอนติดตั้งโซลาร์เซลล์อุดรธานี,informational,consideration,/solar-carport/udon-thani,permit_process_source,medium,unmeasured
province,udon-thani,อุดรธานี,Udon Thani,northeast,P4-aeo,ต้องขออนุญาตอะไรบ้าง อุดรธานี,informational,consideration,/solar-carport/udon-thani,permit_process_source,medium,unmeasured
province,udon-thani,อุดรธานี,Udon Thani,northeast,P4-aeo,Solar Carport ในอุดรธานี ต่างจาก Solar Rooftop อย่างไร,informational,awareness,/solar-carport/udon-thani,none,medium,unmeasured
province,udon-thani,อุดรธานี,Udon Thani,northeast,P4-aeo,บริษัทโซลาร์เซลล์อุดรธานี ที่ไหนดี,informational,consideration,/projects,review_source,low,unmeasured
province,udon-thani,อุดรธานี,Udon Thani,northeast,P4-aeo,ระบบไฟฟ้า อุดรธานี เป็น PEA หรือ MEA,informational,consideration,/solar-carport/udon-thani,utility_official_source,medium,unmeasured
province,uthai-thani,อุทัยธานี,Uthai Thani,central,P1-core,ติดตั้งโซลาร์เซลล์อุทัยธานี,commercial,consideration,/solar-carport/uthai-thani,site_survey_quote,high,unmeasured
province,uthai-thani,อุทัยธานี,Uthai Thani,central,P1-core,โซลาร์เซลล์อุทัยธานี,commercial,consideration,/solar-carport/uthai-thani,none,high,unmeasured
province,uthai-thani,อุทัยธานี,Uthai Thani,central,P1-core,โซลาร์คาร์พอร์ตอุทัยธานี,commercial,consideration,/solar-carport/uthai-thani,none,high,unmeasured
province,uthai-thani,อุทัยธานี,Uthai Thani,central,P1-core,solar cell Uthai Thani,commercial,consideration,/solar-carport/uthai-thani,none,medium,unmeasured
province,uthai-thani,อุทัยธานี,Uthai Thani,central,P1-core,บริษัทรับติดตั้งโซลาร์เซลล์อุทัยธานี,commercial,consideration,/solar-carport/uthai-thani,legal_entity,medium,unmeasured
province,uthai-thani,อุทัยธานี,Uthai Thani,central,P2-commercial,ราคาติดตั้งโซลาร์เซลล์อุทัยธานี,transactional,decision,/solar-carport/uthai-thani,site_survey_quote,high,unmeasured
province,uthai-thani,อุทัยธานี,Uthai Thani,central,P2-commercial,ราคาโซลาร์เซลล์อุทัยธานี,transactional,decision,/solar-carport/uthai-thani,site_survey_quote,high,unmeasured
province,uthai-thani,อุทัยธานี,Uthai Thani,central,P2-commercial,โซลาร์เซลล์โรงงานอุทัยธานี,commercial,consideration,/solar-carport/uthai-thani/factory,site_survey_quote,high,unmeasured
province,uthai-thani,อุทัยธานี,Uthai Thani,central,P2-commercial,โซลาร์เซลล์โรงแรมอุทัยธานี,commercial,consideration,/solar-carport/uthai-thani/hotel,site_survey_quote,high,unmeasured
province,uthai-thani,อุทัยธานี,Uthai Thani,central,P2-commercial,โซลาร์เซลล์อาคารพาณิชย์อุทัยธานี,commercial,consideration,/solar-carport/uthai-thani/commercial,site_survey_quote,medium,unmeasured
province,uthai-thani,อุทัยธานี,Uthai Thani,central,P2-commercial,ช่างโซลาร์อุทัยธานี,commercial,consideration,/contact,certified_claims_review,low,unmeasured
province,uthai-thani,อุทัยธานี,Uthai Thani,central,P3-cluster,สถานีชาร์จรถยนต์ไฟฟ้าอุทัยธานี,commercial,consideration,/solar-carport/uthai-thani/ev,site_survey_quote,medium,unmeasured
province,uthai-thani,อุทัยธานี,Uthai Thani,central,P3-cluster,EV charger Uthai Thani,commercial,consideration,/solar-carport/uthai-thani/ev,site_survey_quote,medium,unmeasured
province,uthai-thani,อุทัยธานี,Uthai Thani,central,P3-cluster,BESS อุทัยธานี,commercial,consideration,/solar-carport/uthai-thani/bess,site_survey_quote,medium,unmeasured
province,uthai-thani,อุทัยธานี,Uthai Thani,central,P4-aeo,ติดตั้งโซลาร์เซลล์อุทัยธานี คุ้มไหม,informational,awareness,/solar-carport/uthai-thani,site_survey_quote,high,unmeasured
province,uthai-thani,อุทัยธานี,Uthai Thani,central,P4-aeo,โซลาร์เซลล์อุทัยธานี ราคาเท่าไหร่,informational,awareness,/solar-carport/uthai-thani,site_survey_quote,high,unmeasured
province,uthai-thani,อุทัยธานี,Uthai Thani,central,P4-aeo,โซลาร์เซลล์อุทัยธานี คืนทุนกี่ปี,informational,awareness,/solar-carport/uthai-thani,site_survey_quote,high,unmeasured
province,uthai-thani,อุทัยธานี,Uthai Thani,central,P4-aeo,ขั้นตอนติดตั้งโซลาร์เซลล์อุทัยธานี,informational,consideration,/solar-carport/uthai-thani,permit_process_source,medium,unmeasured
province,uthai-thani,อุทัยธานี,Uthai Thani,central,P4-aeo,ต้องขออนุญาตอะไรบ้าง อุทัยธานี,informational,consideration,/solar-carport/uthai-thani,permit_process_source,medium,unmeasured
province,uthai-thani,อุทัยธานี,Uthai Thani,central,P4-aeo,Solar Carport ในอุทัยธานี ต่างจาก Solar Rooftop อย่างไร,informational,awareness,/solar-carport/uthai-thani,none,medium,unmeasured
province,uthai-thani,อุทัยธานี,Uthai Thani,central,P4-aeo,บริษัทโซลาร์เซลล์อุทัยธานี ที่ไหนดี,informational,consideration,/projects,review_source,low,unmeasured
province,uthai-thani,อุทัยธานี,Uthai Thani,central,P4-aeo,ระบบไฟฟ้า อุทัยธานี เป็น PEA หรือ MEA,informational,consideration,/solar-carport/uthai-thani,utility_official_source,medium,unmeasured
province,uttaradit,อุตรดิตถ์,Uttaradit,north,P1-core,ติดตั้งโซลาร์เซลล์อุตรดิตถ์,commercial,consideration,/solar-carport/uttaradit,site_survey_quote,high,unmeasured
province,uttaradit,อุตรดิตถ์,Uttaradit,north,P1-core,โซลาร์เซลล์อุตรดิตถ์,commercial,consideration,/solar-carport/uttaradit,none,high,unmeasured
province,uttaradit,อุตรดิตถ์,Uttaradit,north,P1-core,โซลาร์คาร์พอร์ตอุตรดิตถ์,commercial,consideration,/solar-carport/uttaradit,none,high,unmeasured
province,uttaradit,อุตรดิตถ์,Uttaradit,north,P1-core,solar cell Uttaradit,commercial,consideration,/solar-carport/uttaradit,none,medium,unmeasured
province,uttaradit,อุตรดิตถ์,Uttaradit,north,P1-core,บริษัทรับติดตั้งโซลาร์เซลล์อุตรดิตถ์,commercial,consideration,/solar-carport/uttaradit,legal_entity,medium,unmeasured
province,uttaradit,อุตรดิตถ์,Uttaradit,north,P2-commercial,ราคาติดตั้งโซลาร์เซลล์อุตรดิตถ์,transactional,decision,/solar-carport/uttaradit,site_survey_quote,high,unmeasured
province,uttaradit,อุตรดิตถ์,Uttaradit,north,P2-commercial,ราคาโซลาร์เซลล์อุตรดิตถ์,transactional,decision,/solar-carport/uttaradit,site_survey_quote,high,unmeasured
province,uttaradit,อุตรดิตถ์,Uttaradit,north,P2-commercial,โซลาร์เซลล์โรงงานอุตรดิตถ์,commercial,consideration,/solar-carport/uttaradit/factory,site_survey_quote,high,unmeasured
province,uttaradit,อุตรดิตถ์,Uttaradit,north,P2-commercial,โซลาร์เซลล์โรงแรมอุตรดิตถ์,commercial,consideration,/solar-carport/uttaradit/hotel,site_survey_quote,high,unmeasured
province,uttaradit,อุตรดิตถ์,Uttaradit,north,P2-commercial,โซลาร์เซลล์อาคารพาณิชย์อุตรดิตถ์,commercial,consideration,/solar-carport/uttaradit/commercial,site_survey_quote,medium,unmeasured
province,uttaradit,อุตรดิตถ์,Uttaradit,north,P2-commercial,ช่างโซลาร์อุตรดิตถ์,commercial,consideration,/contact,certified_claims_review,low,unmeasured
province,uttaradit,อุตรดิตถ์,Uttaradit,north,P3-cluster,สถานีชาร์จรถยนต์ไฟฟ้าอุตรดิตถ์,commercial,consideration,/solar-carport/uttaradit/ev,site_survey_quote,medium,unmeasured
province,uttaradit,อุตรดิตถ์,Uttaradit,north,P3-cluster,EV charger Uttaradit,commercial,consideration,/solar-carport/uttaradit/ev,site_survey_quote,medium,unmeasured
province,uttaradit,อุตรดิตถ์,Uttaradit,north,P3-cluster,BESS อุตรดิตถ์,commercial,consideration,/solar-carport/uttaradit/bess,site_survey_quote,medium,unmeasured
province,uttaradit,อุตรดิตถ์,Uttaradit,north,P4-aeo,ติดตั้งโซลาร์เซลล์อุตรดิตถ์ คุ้มไหม,informational,awareness,/solar-carport/uttaradit,site_survey_quote,high,unmeasured
province,uttaradit,อุตรดิตถ์,Uttaradit,north,P4-aeo,โซลาร์เซลล์อุตรดิตถ์ ราคาเท่าไหร่,informational,awareness,/solar-carport/uttaradit,site_survey_quote,high,unmeasured
province,uttaradit,อุตรดิตถ์,Uttaradit,north,P4-aeo,โซลาร์เซลล์อุตรดิตถ์ คืนทุนกี่ปี,informational,awareness,/solar-carport/uttaradit,site_survey_quote,high,unmeasured
province,uttaradit,อุตรดิตถ์,Uttaradit,north,P4-aeo,ขั้นตอนติดตั้งโซลาร์เซลล์อุตรดิตถ์,informational,consideration,/solar-carport/uttaradit,permit_process_source,medium,unmeasured
province,uttaradit,อุตรดิตถ์,Uttaradit,north,P4-aeo,ต้องขออนุญาตอะไรบ้าง อุตรดิตถ์,informational,consideration,/solar-carport/uttaradit,permit_process_source,medium,unmeasured
province,uttaradit,อุตรดิตถ์,Uttaradit,north,P4-aeo,Solar Carport ในอุตรดิตถ์ ต่างจาก Solar Rooftop อย่างไร,informational,awareness,/solar-carport/uttaradit,none,medium,unmeasured
province,uttaradit,อุตรดิตถ์,Uttaradit,north,P4-aeo,บริษัทโซลาร์เซลล์อุตรดิตถ์ ที่ไหนดี,informational,consideration,/projects,review_source,low,unmeasured
province,uttaradit,อุตรดิตถ์,Uttaradit,north,P4-aeo,ระบบไฟฟ้า อุตรดิตถ์ เป็น PEA หรือ MEA,informational,consideration,/solar-carport/uttaradit,utility_official_source,medium,unmeasured
province,yala,ยะลา,Yala,south,P1-core,ติดตั้งโซลาร์เซลล์ยะลา,commercial,consideration,/solar-carport/yala,site_survey_quote,high,unmeasured
province,yala,ยะลา,Yala,south,P1-core,โซลาร์เซลล์ยะลา,commercial,consideration,/solar-carport/yala,none,high,unmeasured
province,yala,ยะลา,Yala,south,P1-core,โซลาร์คาร์พอร์ตยะลา,commercial,consideration,/solar-carport/yala,none,high,unmeasured
province,yala,ยะลา,Yala,south,P1-core,solar cell Yala,commercial,consideration,/solar-carport/yala,none,medium,unmeasured
province,yala,ยะลา,Yala,south,P1-core,บริษัทรับติดตั้งโซลาร์เซลล์ยะลา,commercial,consideration,/solar-carport/yala,legal_entity,medium,unmeasured
province,yala,ยะลา,Yala,south,P2-commercial,ราคาติดตั้งโซลาร์เซลล์ยะลา,transactional,decision,/solar-carport/yala,site_survey_quote,high,unmeasured
province,yala,ยะลา,Yala,south,P2-commercial,ราคาโซลาร์เซลล์ยะลา,transactional,decision,/solar-carport/yala,site_survey_quote,high,unmeasured
province,yala,ยะลา,Yala,south,P2-commercial,โซลาร์เซลล์โรงงานยะลา,commercial,consideration,/solar-carport/yala/factory,site_survey_quote,high,unmeasured
province,yala,ยะลา,Yala,south,P2-commercial,โซลาร์เซลล์โรงแรมยะลา,commercial,consideration,/solar-carport/yala/hotel,site_survey_quote,high,unmeasured
province,yala,ยะลา,Yala,south,P2-commercial,โซลาร์เซลล์อาคารพาณิชย์ยะลา,commercial,consideration,/solar-carport/yala/commercial,site_survey_quote,medium,unmeasured
province,yala,ยะลา,Yala,south,P2-commercial,ช่างโซลาร์ยะลา,commercial,consideration,/contact,certified_claims_review,low,unmeasured
province,yala,ยะลา,Yala,south,P3-cluster,สถานีชาร์จรถยนต์ไฟฟ้ายะลา,commercial,consideration,/solar-carport/yala/ev,site_survey_quote,medium,unmeasured
province,yala,ยะลา,Yala,south,P3-cluster,EV charger Yala,commercial,consideration,/solar-carport/yala/ev,site_survey_quote,medium,unmeasured
province,yala,ยะลา,Yala,south,P3-cluster,BESS ยะลา,commercial,consideration,/solar-carport/yala/bess,site_survey_quote,medium,unmeasured
province,yala,ยะลา,Yala,south,P4-aeo,ติดตั้งโซลาร์เซลล์ยะลา คุ้มไหม,informational,awareness,/solar-carport/yala,site_survey_quote,high,unmeasured
province,yala,ยะลา,Yala,south,P4-aeo,โซลาร์เซลล์ยะลา ราคาเท่าไหร่,informational,awareness,/solar-carport/yala,site_survey_quote,high,unmeasured
province,yala,ยะลา,Yala,south,P4-aeo,โซลาร์เซลล์ยะลา คืนทุนกี่ปี,informational,awareness,/solar-carport/yala,site_survey_quote,high,unmeasured
province,yala,ยะลา,Yala,south,P4-aeo,ขั้นตอนติดตั้งโซลาร์เซลล์ยะลา,informational,consideration,/solar-carport/yala,permit_process_source,medium,unmeasured
province,yala,ยะลา,Yala,south,P4-aeo,ต้องขออนุญาตอะไรบ้าง ยะลา,informational,consideration,/solar-carport/yala,permit_process_source,medium,unmeasured
province,yala,ยะลา,Yala,south,P4-aeo,Solar Carport ในยะลา ต่างจาก Solar Rooftop อย่างไร,informational,awareness,/solar-carport/yala,none,medium,unmeasured
province,yala,ยะลา,Yala,south,P4-aeo,บริษัทโซลาร์เซลล์ยะลา ที่ไหนดี,informational,consideration,/projects,review_source,low,unmeasured
province,yala,ยะลา,Yala,south,P4-aeo,ระบบไฟฟ้า ยะลา เป็น PEA หรือ MEA,informational,consideration,/solar-carport/yala,utility_official_source,medium,unmeasured
province,yasothon,ยโสธร,Yasothon,northeast,P1-core,ติดตั้งโซลาร์เซลล์ยโสธร,commercial,consideration,/solar-carport/yasothon,site_survey_quote,high,unmeasured
province,yasothon,ยโสธร,Yasothon,northeast,P1-core,โซลาร์เซลล์ยโสธร,commercial,consideration,/solar-carport/yasothon,none,high,unmeasured
province,yasothon,ยโสธร,Yasothon,northeast,P1-core,โซลาร์คาร์พอร์ตยโสธร,commercial,consideration,/solar-carport/yasothon,none,high,unmeasured
province,yasothon,ยโสธร,Yasothon,northeast,P1-core,solar cell Yasothon,commercial,consideration,/solar-carport/yasothon,none,medium,unmeasured
province,yasothon,ยโสธร,Yasothon,northeast,P1-core,บริษัทรับติดตั้งโซลาร์เซลล์ยโสธร,commercial,consideration,/solar-carport/yasothon,legal_entity,medium,unmeasured
province,yasothon,ยโสธร,Yasothon,northeast,P2-commercial,ราคาติดตั้งโซลาร์เซลล์ยโสธร,transactional,decision,/solar-carport/yasothon,site_survey_quote,high,unmeasured
province,yasothon,ยโสธร,Yasothon,northeast,P2-commercial,ราคาโซลาร์เซลล์ยโสธร,transactional,decision,/solar-carport/yasothon,site_survey_quote,high,unmeasured
province,yasothon,ยโสธร,Yasothon,northeast,P2-commercial,โซลาร์เซลล์โรงงานยโสธร,commercial,consideration,/solar-carport/yasothon/factory,site_survey_quote,high,unmeasured
province,yasothon,ยโสธร,Yasothon,northeast,P2-commercial,โซลาร์เซลล์โรงแรมยโสธร,commercial,consideration,/solar-carport/yasothon/hotel,site_survey_quote,high,unmeasured
province,yasothon,ยโสธร,Yasothon,northeast,P2-commercial,โซลาร์เซลล์อาคารพาณิชย์ยโสธร,commercial,consideration,/solar-carport/yasothon/commercial,site_survey_quote,medium,unmeasured
province,yasothon,ยโสธร,Yasothon,northeast,P2-commercial,ช่างโซลาร์ยโสธร,commercial,consideration,/contact,certified_claims_review,low,unmeasured
province,yasothon,ยโสธร,Yasothon,northeast,P3-cluster,สถานีชาร์จรถยนต์ไฟฟ้ายโสธร,commercial,consideration,/solar-carport/yasothon/ev,site_survey_quote,medium,unmeasured
province,yasothon,ยโสธร,Yasothon,northeast,P3-cluster,EV charger Yasothon,commercial,consideration,/solar-carport/yasothon/ev,site_survey_quote,medium,unmeasured
province,yasothon,ยโสธร,Yasothon,northeast,P3-cluster,BESS ยโสธร,commercial,consideration,/solar-carport/yasothon/bess,site_survey_quote,medium,unmeasured
province,yasothon,ยโสธร,Yasothon,northeast,P4-aeo,ติดตั้งโซลาร์เซลล์ยโสธร คุ้มไหม,informational,awareness,/solar-carport/yasothon,site_survey_quote,high,unmeasured
province,yasothon,ยโสธร,Yasothon,northeast,P4-aeo,โซลาร์เซลล์ยโสธร ราคาเท่าไหร่,informational,awareness,/solar-carport/yasothon,site_survey_quote,high,unmeasured
province,yasothon,ยโสธร,Yasothon,northeast,P4-aeo,โซลาร์เซลล์ยโสธร คืนทุนกี่ปี,informational,awareness,/solar-carport/yasothon,site_survey_quote,high,unmeasured
province,yasothon,ยโสธร,Yasothon,northeast,P4-aeo,ขั้นตอนติดตั้งโซลาร์เซลล์ยโสธร,informational,consideration,/solar-carport/yasothon,permit_process_source,medium,unmeasured
province,yasothon,ยโสธร,Yasothon,northeast,P4-aeo,ต้องขออนุญาตอะไรบ้าง ยโสธร,informational,consideration,/solar-carport/yasothon,permit_process_source,medium,unmeasured
province,yasothon,ยโสธร,Yasothon,northeast,P4-aeo,Solar Carport ในยโสธร ต่างจาก Solar Rooftop อย่างไร,informational,awareness,/solar-carport/yasothon,none,medium,unmeasured
province,yasothon,ยโสธร,Yasothon,northeast,P4-aeo,บริษัทโซลาร์เซลล์ยโสธร ที่ไหนดี,informational,consideration,/projects,review_source,low,unmeasured
province,yasothon,ยโสธร,Yasothon,northeast,P4-aeo,ระบบไฟฟ้า ยโสธร เป็น PEA หรือ MEA,informational,consideration,/solar-carport/yasothon,utility_official_source,medium,unmeasured
